item;bom;idx;codice_fase;tipo;esterna;workstation;operation;time_in_mins;n_jc;jc_completate;minuti_registrati;descrizione
T08-0100-P1100;BOM-T08-0100-P1100-001;1;T08-0100-P1100-10MT;MT;0;;Montaggio;30.0;6;0;0;T08-0100-P1100-10MT — Montaggio + Puntatura W12 (n.2 X-Fire), W11 (n.3 STOP)
T08-0100-P1100;BOM-T08-0100-P1100-001;2;T08-0100-P1100-10SA;SA;0;;Saldatura;120.0;6;0;0;T08-0100-P1100-10SA — Saldatura n.2 X-Fire W12 e n.3 STOP W11
T08-0100-P1100;BOM-T08-0100-P1100-001;3;T08-0100-P1100-10ML;ML;0;;Molatura;180.0;6;0;0;T08-0100-P1100-10ML — Molatura W12
T08-0100-P1100;BOM-T08-0100-P1100-001;4;T08-0100-P1100-10VT;VT;0;;Controllo Qualità;10.0;6;0;0;T08-0100-P1100-10VT — VT W11, W12
T08-0100-P1100;BOM-T08-0100-P1100-001;5;T08-0100-P1100-10PT;PT;0;;Controllo Qualità;45.0;6;0;0;T08-0100-P1100-10PT — PT W11, W12
T08-0100-P1100;BOM-T08-0100-P1100-001;6;T08-0100-P1100-20SA;SA;0;;Saldatura;30.0;6;0;0;T08-0100-P1100-20SA — Saldatura circonferenziale W9
T08-0100-P1100;BOM-T08-0100-P1100-001;7;T08-0100-P1100-10MX;MX;0;;Controllo Qualità;15.0;6;0;0;T08-0100-P1100-10MX — Definizione mappe radiografiche W9 + Marcatura pezzi
T08-0100-P1100;BOM-T08-0100-P1100-001;8;T08-0100-P1100-10RX;RX;1;Lavorazione Esterna;Lavorazione Esterna;1800.0;6;0;0;T08-0100-P1100-10RX — RX W9 (A.M.C. CONTROL SRL)
T08-0100-P1100;BOM-T08-0100-P1100-001;9;T08-0100-P1100-10VX;VX;0;;Controllo Qualità;1.0;6;0;0;T08-0100-P1100-10VX — Valutazione RX W9
T08-0100-P1100;BOM-T08-0100-P1100-001;10;T08-0100-P1100-20ML;ML;0;;Molatura;45.0;6;0;0;T08-0100-P1100-20ML — Molatura W9
T08-0100-P1100;BOM-T08-0100-P1100-001;11;T08-0100-P1100-20VT;VT;0;;Controllo Qualità;10.0;6;0;0;T08-0100-P1100-20VT — VT W9
T08-0100-P1100;BOM-T08-0100-P1100-001;12;T08-0100-P1100-20PT;PT;0;;Controllo Qualità;45.0;6;0;0;T08-0100-P1100-20PT — PT W9
T08-0100-P1100;BOM-T08-0100-P1100-001;13;T08-0100-P1100-10QC;QC;0;;Controllo Qualità;5.0;6;0;0;T08-0100-P1100-10QC — QC Dimensionale
T08-0100-P1100;BOM-T08-0100-P1100-001;14;T08-0100-P1100-10TT;TT;1;Lavorazione Esterna;Lavorazione Esterna;7200.0;6;0;0;T08-0100-P1100-10TT — Trattamento termico distensione HX e invecchiamento N263 (BODYCOTE SPA)
T08-0100-P1100;BOM-T08-0100-P1100-001;15;T08-0100-P1100-20QC;QC;0;;Controllo Qualità;5.0;6;0;0;T08-0100-P1100-20QC — QC Dimensionale
T08-0100-P1100;BOM-T08-0100-P1100-001;16;T08-0100-P1100-20MT;MT;0;;Montaggio;30.0;6;0;0;T08-0100-P1100-20MT — Calibratura + Raddrizzamento ovalità diametri lato CAP, Molla, X-fire
T08-0100-P1100;BOM-T08-0100-P1100-001;17;T08-0100-P1100-30QC;QC;0;;Controllo Qualità;15.0;6;0;0;T08-0100-P1100-30QC — QC Dimensionale finale
T08-0100-P1101;BOM-T08-0100-P1101-001;1;T08-0100-P1101-10LT;LT;1;Lavorazione Esterna;Lavorazione Esterna;9000.0;6;0;0;T08-0100-P1101-10LT — Taglio sviluppo + Calandratura (SOMECAR SRL)
T08-0100-P1101;BOM-T08-0100-P1101-001;2;T08-0100-P1101-10QC;QC;0;;Controllo Qualità;5.0;6;0;0;T08-0100-P1101-10QC — QC Dimensionale
T08-0100-P1101;BOM-T08-0100-P1101-001;3;T08-0100-P1101-10SA;SA;0;;Saldatura;12.0;6;0;0;T08-0100-P1101-10SA — Saldatura longitudinale W1
T08-0100-P1101;BOM-T08-0100-P1101-001;4;T08-0100-P1101-10MX;MX;0;;Controllo Qualità;15.0;6;0;0;T08-0100-P1101-10MX — Definizione mappe radiografiche W1 + Marcatura pezzi
T08-0100-P1101;BOM-T08-0100-P1101-001;5;T08-0100-P1101-10RX;RX;1;Lavorazione Esterna;Lavorazione Esterna;1800.0;6;0;0;T08-0100-P1101-10RX — RX W1 (A.M.C. CONTROL SRL)
T08-0100-P1101;BOM-T08-0100-P1101-001;6;T08-0100-P1101-10VX;VX;0;;Controllo Qualità;1.0;6;0;0;T08-0100-P1101-10VX — Valutazione RX W1
T08-0100-P1101;BOM-T08-0100-P1101-001;7;T08-0100-P1101-10ML;ML;0;;Molatura;12.0;6;0;0;T08-0100-P1101-10ML — Molatura W1 a filo entrambi lati
T08-0100-P1101;BOM-T08-0100-P1101-001;8;T08-0100-P1101-10VT;VT;0;;Controllo Qualità;5.0;6;0;0;T08-0100-P1101-10VT — VT W1
T08-0100-P1101;BOM-T08-0100-P1101-001;9;T08-0100-P1101-10PT;PT;0;;Controllo Qualità;45.0;6;0;0;T08-0100-P1101-10PT — PT W1
T08-0100-P1101;BOM-T08-0100-P1101-001;10;T08-0100-P1101-10ST;ST;0;;Lavorazioni Meccaniche;6.0;6;0;0;T08-0100-P1101-10ST — Calibratura con espantore manuale
T08-0100-P1101;BOM-T08-0100-P1101-001;11;T08-0100-P1101-20QC;QC;0;;Controllo Qualità;5.0;6;0;0;T08-0100-P1101-20QC — QC Dimensionale
T08-0100-P1101;BOM-T08-0100-P1101-001;12;T08-0100-P1101-10LA;LA;1;Lavorazione Esterna;Lavorazione Esterna;12000.0;6;0;0;T08-0100-P1101-10LA — Lavorazione finale incl. cianfrino (BONADEI E. MECCANICA SRL)
T08-0100-P1101;BOM-T08-0100-P1101-001;13;T08-0100-P1101-30QC;QC;0;;Controllo Qualità;5.0;6;0;0;T08-0100-P1101-30QC — QC Dimensionale finale
T08-0100-P1102;BOM-T08-0100-P1102-001;1;T08-0100-P1102-10LT;LT;1;Lavorazione Esterna;Lavorazione Esterna;9000.0;6;0;0;T08-0100-P1102-10LT — Taglio sviluppo + Calandratura (SOMECAR SRL)
T08-0100-P1102;BOM-T08-0100-P1102-001;2;T08-0100-P1102-10QC;QC;0;;Controllo Qualità;5.0;6;0;0;T08-0100-P1102-10QC — QC Dimensionale
T08-0100-P1102;BOM-T08-0100-P1102-001;3;T08-0100-P1102-10SA;SA;0;;Saldatura;30.0;6;0;0;T08-0100-P1102-10SA — Saldatura longitudinale W2
T08-0100-P1102;BOM-T08-0100-P1102-001;4;T08-0100-P1102-10MX;MX;0;;Controllo Qualità;15.0;6;0;0;T08-0100-P1102-10MX — Definizione mappe radiografiche W2 + Marcatura pezzi
T08-0100-P1102;BOM-T08-0100-P1102-001;5;T08-0100-P1102-10RX;RX;1;Lavorazione Esterna;Lavorazione Esterna;1800.0;6;0;0;T08-0100-P1102-10RX — RX W2 (A.M.C. CONTROL SRL)
T08-0100-P1102;BOM-T08-0100-P1102-001;6;T08-0100-P1102-10VX;VX;0;;Controllo Qualità;1.0;6;0;0;T08-0100-P1102-10VX — Valutazione RX W2
T08-0100-P1102;BOM-T08-0100-P1102-001;7;T08-0100-P1102-10ML;ML;0;;Molatura;30.0;6;0;0;T08-0100-P1102-10ML — Molatura W2 a filo entrambi lati
T08-0100-P1102;BOM-T08-0100-P1102-001;8;T08-0100-P1102-10VT;VT;0;;Controllo Qualità;5.0;6;0;0;T08-0100-P1102-10VT — VT W2
T08-0100-P1102;BOM-T08-0100-P1102-001;9;T08-0100-P1102-10PT;PT;0;;Controllo Qualità;45.0;6;0;0;T08-0100-P1102-10PT — PT W2
T08-0100-P1102;BOM-T08-0100-P1102-001;10;T08-0100-P1102-10ST;ST;0;;Lavorazioni Meccaniche;12.0;6;0;0;T08-0100-P1102-10ST — Preformatura CNC
T08-0100-P1102;BOM-T08-0100-P1102-001;11;T08-0100-P1102-20QC;QC;0;;Controllo Qualità;5.0;6;0;0;T08-0100-P1102-20QC — QC Dimensionale
T08-0100-P1102;BOM-T08-0100-P1102-001;12;T08-0100-P1102-10TT;TT;1;Lavorazione Esterna;Lavorazione Esterna;6000.0;6;0;0;T08-0100-P1102-10TT — Trattamento termico di solubilizzazione (T.A.G. SRL)
T08-0100-P1102;BOM-T08-0100-P1102-001;13;T08-0100-P1102-30QC;QC;0;;Controllo Qualità;5.0;6;0;0;T08-0100-P1102-30QC — QC Dimensionale
T08-0100-P1102;BOM-T08-0100-P1102-001;14;T08-0100-P1102-20ST;ST;0;;Lavorazioni Meccaniche;12.0;6;0;0;T08-0100-P1102-20ST — Formatura finale CNC
T08-0100-P1102;BOM-T08-0100-P1102-001;15;T08-0100-P1102-40QC;QC;0;;Controllo Qualità;5.0;6;0;0;T08-0100-P1102-40QC — QC Dimensionale
T08-0100-P1102;BOM-T08-0100-P1102-001;16;T08-0100-P1102-10LA;LA;1;Lavorazione Esterna;Lavorazione Esterna;12000.0;6;0;0;T08-0100-P1102-10LA — Rifilatura (BONADEI E. MECCANICA SRL)
T08-0100-P1102;BOM-T08-0100-P1102-001;17;T08-0100-P1102-50QC;QC;0;;Controllo Qualità;15.0;6;0;0;T08-0100-P1102-50QC — QC Dimensionale finale
T08-0100-P1103;BOM-T08-0100-P1103-001;1;T08-0100-P1103-10SA;SA;0;;Saldatura;30.0;6;0;0;T08-0100-P1103-10SA — Saldatura circonferenziale W8
T08-0100-P1103;BOM-T08-0100-P1103-001;2;T08-0100-P1103-10MX;MX;0;;Controllo Qualità;15.0;6;0;0;T08-0100-P1103-10MX — Definizione mappe radiografiche W8 + Marcatura pezzi
T08-0100-P1103;BOM-T08-0100-P1103-001;3;T08-0100-P1103-10RX;RX;1;Lavorazione Esterna;Lavorazione Esterna;1800.0;6;0;0;T08-0100-P1103-10RX — RX W8 (A.M.C. CONTROL SRL)
T08-0100-P1103;BOM-T08-0100-P1103-001;4;T08-0100-P1103-10VX;VX;0;;Controllo Qualità;1.0;6;0;0;T08-0100-P1103-10VX — Valutazione RX W8
T08-0100-P1103;BOM-T08-0100-P1103-001;5;T08-0100-P1103-10ML;ML;0;;Molatura;45.0;6;0;0;T08-0100-P1103-10ML — Molatura W8 lato interno (solo eccessi saldatura)
T08-0100-P1103;BOM-T08-0100-P1103-001;6;T08-0100-P1103-10VT;VT;0;;Controllo Qualità;5.0;6;0;0;T08-0100-P1103-10VT — VT W8
T08-0100-P1103;BOM-T08-0100-P1103-001;7;T08-0100-P1103-10PT;PT;0;;Controllo Qualità;45.0;6;0;0;T08-0100-P1103-10PT — PT W8
T08-0100-P1103;BOM-T08-0100-P1103-001;8;T08-0100-P1103-10QC;QC;0;;Controllo Qualità;5.0;6;0;0;T08-0100-P1103-10QC — QC Dimensionale
T08-0100-P1104;BOM-T08-0100-P1104-001;1;T08-0100-P1104-10SA;SA;0;;Saldatura;30.0;6;0;0;T08-0100-P1104-10SA — Saldatura circonferenziale W10
T08-0100-P1104;BOM-T08-0100-P1104-001;2;T08-0100-P1104-10MX;MX;0;;Controllo Qualità;15.0;6;0;0;T08-0100-P1104-10MX — Definizione mappe radiografiche W10 + Marcatura pezzi
T08-0100-P1104;BOM-T08-0100-P1104-001;3;T08-0100-P1104-10RX;RX;1;Lavorazione Esterna;Lavorazione Esterna;1800.0;6;0;0;T08-0100-P1104-10RX — RX W10 (A.M.C. CONTROL SRL)
T08-0100-P1104;BOM-T08-0100-P1104-001;4;T08-0100-P1104-10VX;VX;0;;Controllo Qualità;1.0;6;0;0;T08-0100-P1104-10VX — Valutazione RX W10
T08-0100-P1104;BOM-T08-0100-P1104-001;5;T08-0100-P1104-10ML;ML;0;;Molatura;30.0;6;0;0;T08-0100-P1104-10ML — Molatura a filo lato interno W10
T08-0100-P1104;BOM-T08-0100-P1104-001;6;T08-0100-P1104-10VT;VT;0;;Controllo Qualità;10.0;6;0;0;T08-0100-P1104-10VT — VT W10
T08-0100-P1104;BOM-T08-0100-P1104-001;7;T08-0100-P1104-10PT;PT;0;;Controllo Qualità;50.0;6;0;0;T08-0100-P1104-10PT — PT W10
T08-0100-P1104;BOM-T08-0100-P1104-001;8;T08-0100-P1104-10QC;QC;0;;Controllo Qualità;5.0;6;0;0;T08-0100-P1104-10QC — QC Dimensionale finale
T08-0100-P1110;BOM-T08-0100-P1110-001;1;T08-0100-P1110-10SA;SA;0;;Saldatura;30.0;6;0;0;T08-0100-P1110-10SA — Saldatura circonferenziale W7
T08-0100-P1110;BOM-T08-0100-P1110-001;2;T08-0100-P1110-10MX;MX;0;;Controllo Qualità;15.0;6;0;0;T08-0100-P1110-10MX — Definizione mappe radiografiche W7 e marcatura pezzi
T08-0100-P1110;BOM-T08-0100-P1110-001;3;T08-0100-P1110-10RX;RX;1;Lavorazione Esterna;Lavorazione Esterna;1800.0;6;0;0;T08-0100-P1110-10RX — RX W7 (A.M.C. CONTROL SRL)
T08-0100-P1110;BOM-T08-0100-P1110-001;4;T08-0100-P1110-10VX;VX;0;;Controllo Qualità;1.0;6;0;0;T08-0100-P1110-10VX — Valutazione RX W7
T08-0100-P1110;BOM-T08-0100-P1110-001;5;T08-0100-P1110-10ML;ML;0;;Molatura;30.0;6;0;0;T08-0100-P1110-10ML — Molatura W7 lato interno (solo eccessi saldatura)
T08-0100-P1110;BOM-T08-0100-P1110-001;6;T08-0100-P1110-10VT;VT;0;;Controllo Qualità;5.0;6;0;0;T08-0100-P1110-10VT — VT W7
T08-0100-P1110;BOM-T08-0100-P1110-001;7;T08-0100-P1110-10PT;PT;0;;Controllo Qualità;45.0;6;0;0;T08-0100-P1110-10PT — PT W7
T08-0100-P1110;BOM-T08-0100-P1110-001;8;T08-0100-P1110-10LA;LA;1;Lavorazione Esterna;Lavorazione Esterna;6000.0;6;0;0;T08-0100-P1110-10LA — Foratura laser FASE 1: fori piccoli, foro utensile, rifilatura piano A1 (SARZI LAMIERE SPA)
T08-0100-P1110;BOM-T08-0100-P1110-001;9;T08-0100-P1110-10QC;QC;0;;Controllo Qualità;15.0;6;0;0;T08-0100-P1110-10QC — QC Dimensionale finale
T08-0100-P1120;BOM-T08-0100-P1120-001;1;T08-0100-P1120-10MT;MT;0;;Montaggio;45.0;6;0;0;T08-0100-P1120-10MT — Pulizia + Posizionamento anelli + Puntatura
T08-0100-P1120;BOM-T08-0100-P1120-001;2;T08-0100-P1120-10SA;SA;0;;Saldatura;60.0;6;0;0;T08-0100-P1120-10SA — Saldatura a resistenza W60 anellI
T08-0100-P1120;BOM-T08-0100-P1120-001;3;T08-0100-P1120-10VT;VT;0;;Controllo Qualità;10.0;6;0;0;T08-0100-P1120-10VT — VT W60
T08-0100-P1120;BOM-T08-0100-P1120-001;4;T08-0100-P1120-20MT;MT;0;;Montaggio;60.0;6;0;0;T08-0100-P1120-20MT — Raddrizzamento difetti dei punti e gap tra anelli e liner
T08-0100-P1120;BOM-T08-0100-P1120-001;5;T08-0100-P1120-10ML;ML;0;;Molatura;18.0;6;0;0;T08-0100-P1120-10ML — Lavaggio
T08-0100-P1120;BOM-T08-0100-P1120-001;6;T08-0100-P1120-10QC;QC;0;;Controllo Qualità;30.0;6;0;0;T08-0100-P1120-10QC — QC Dimensionale
T08-0100-P1120;BOM-T08-0100-P1120-001;7;T08-0100-P1120-10TT;TT;1;Lavorazione Esterna;Lavorazione Esterna;6000.0;6;0;0;T08-0100-P1120-10TT — Brasatura W59 (T.A.G. SRL)
T08-0100-P1120;BOM-T08-0100-P1120-001;8;T08-0100-P1120-20VT;VT;0;;Controllo Qualità;15.0;6;0;0;T08-0100-P1120-20VT — VT W59
T08-0100-P1120;BOM-T08-0100-P1120-001;9;T08-0100-P1120-10MX;MX;0;;Controllo Qualità;15.0;6;0;0;T08-0100-P1120-10MX — Definizione mappe radiografiche W60, W59 e marcatura
T08-0100-P1120;BOM-T08-0100-P1120-001;10;T08-0100-P1120-10RX;RX;1;Lavorazione Esterna;Lavorazione Esterna;1800.0;6;0;0;T08-0100-P1120-10RX — RX W60, W59 (A.M.C. CONTROL SRL)
T08-0100-P1120;BOM-T08-0100-P1120-001;11;T08-0100-P1120-10VX;VX;0;;Controllo Qualità;1.0;6;0;0;T08-0100-P1120-10VX — Valutazione RX W60, W59
T08-0100-P1120;BOM-T08-0100-P1120-001;12;T08-0100-P1120-10LA;LA;1;Lavorazione Esterna;Lavorazione Esterna;6000.0;6;0;0;T08-0100-P1120-10LA — Foratura laser FASE 2: fori X-fire, mix, venturi (SARZI LAMIERE SPA)
T08-0100-P1120;BOM-T08-0100-P1120-001;13;T08-0100-P1120-20QC;QC;0;;Controllo Qualità;15.0;6;0;0;T08-0100-P1120-20QC — QC Dimensionale finale
T08-0100-P1130;BOM-T08-0100-P1130-001;1;T08-0100-P1130-10MT;MT;0;;Montaggio;12.0;6;0;0;T08-0100-P1130-10MT — Pulizia + Posizionamento anello + Puntatura a resistenza
T08-0100-P1130;BOM-T08-0100-P1130-001;2;T08-0100-P1130-10SA;SA;0;;Saldatura;12.0;6;0;0;T08-0100-P1130-10SA — Saldatura a resistenza W60 anello
T08-0100-P1130;BOM-T08-0100-P1130-001;3;T08-0100-P1130-10VT;VT;0;;Controllo Qualità;5.0;6;0;0;T08-0100-P1130-10VT — VT W60
T08-0100-P1130;BOM-T08-0100-P1130-001;4;T08-0100-P1130-20MT;MT;0;;Montaggio;20.0;6;0;0;T08-0100-P1130-20MT — Raddrizzamneto difetti dei punti e gap tra anello e liner
T08-0100-P1130;BOM-T08-0100-P1130-001;5;T08-0100-P1130-10QC;QC;0;;Controllo Qualità;5.0;6;0;0;T08-0100-P1130-10QC — QC Dimensionale
T08-0100-P1130;BOM-T08-0100-P1130-001;6;T08-0100-P1130-10ML;ML;0;;Molatura;12.0;6;0;0;T08-0100-P1130-10ML — Lavaggio
T08-0100-P1130;BOM-T08-0100-P1130-001;7;T08-0100-P1130-10TT;TT;1;Lavorazione Esterna;Lavorazione Esterna;6000.0;6;0;0;T08-0100-P1130-10TT — Brasatura W59 (T.A.G. SRL)
T08-0100-P1130;BOM-T08-0100-P1130-001;8;T08-0100-P1130-20VT;VT;0;;Controllo Qualità;5.0;6;0;0;T08-0100-P1130-20VT — VT W59
T08-0100-P1130;BOM-T08-0100-P1130-001;9;T08-0100-P1130-10MX;MX;0;;Controllo Qualità;15.0;6;0;0;T08-0100-P1130-10MX — Definizione mappe radiografiche W60, W59 + Marcatura pezzi
T08-0100-P1130;BOM-T08-0100-P1130-001;10;T08-0100-P1130-10RX;RX;1;Lavorazione Esterna;Lavorazione Esterna;1800.0;6;0;0;T08-0100-P1130-10RX — RX W60, W59 (A.M.C. CONTROL SRL)
T08-0100-P1130;BOM-T08-0100-P1130-001;11;T08-0100-P1130-10VX;VX;0;;Controllo Qualità;1.0;6;0;0;T08-0100-P1130-10VX — Valutazione RX W60, W59
T08-0100-P1200;BOM-T08-0100-P1200-001;1;T08-0100-P1200-10LT;LT;1;Lavorazione Esterna;Lavorazione Esterna;9000.0;6;0;0;T08-0100-P1200-10LT — Taglio sviluppo e calandratura (SOMECAR SRL)
T08-0100-P1200;BOM-T08-0100-P1200-001;2;T08-0100-P1200-10QC;QC;0;;Controllo Qualità;5.0;6;0;0;T08-0100-P1200-10QC — QC Dimensionale
T08-0100-P1200;BOM-T08-0100-P1200-001;3;T08-0100-P1200-10SA;SA;0;;Saldatura;30.0;6;0;0;T08-0100-P1200-10SA — Saldatura longitudinale W3
T08-0100-P1200;BOM-T08-0100-P1200-001;4;T08-0100-P1200-10MX;MX;0;;Controllo Qualità;15.0;6;0;0;T08-0100-P1200-10MX — Definizione mappe radiografiche W3 e marcatura pezzi
T08-0100-P1200;BOM-T08-0100-P1200-001;5;T08-0100-P1200-10RX;RX;1;Lavorazione Esterna;Lavorazione Esterna;1800.0;6;0;0;T08-0100-P1200-10RX — RX W3 (A.M.C. CONTROL SRL)
T08-0100-P1200;BOM-T08-0100-P1200-001;6;T08-0100-P1200-10VX;VX;0;;Controllo Qualità;1.0;6;0;0;T08-0100-P1200-10VX — Valutazione RX W3
T08-0100-P1200;BOM-T08-0100-P1200-001;7;T08-0100-P1200-10ML;ML;0;;Molatura;30.0;6;0;0;T08-0100-P1200-10ML — Molatura a filo entrambi lati W3
T08-0100-P1200;BOM-T08-0100-P1200-001;8;T08-0100-P1200-10VT;VT;0;;Controllo Qualità;5.0;6;0;0;T08-0100-P1200-10VT — VT W3
T08-0100-P1200;BOM-T08-0100-P1200-001;9;T08-0100-P1200-10PT;PT;0;;Controllo Qualità;45.0;6;0;0;T08-0100-P1200-10PT — PT W3
T08-0100-P1200;BOM-T08-0100-P1200-001;10;T08-0100-P1200-10ST;ST;0;;Lavorazioni Meccaniche;12.0;6;0;0;T08-0100-P1200-10ST — Formatura CNC
T08-0100-P1200;BOM-T08-0100-P1200-001;11;T08-0100-P1200-20QC;QC;0;;Controllo Qualità;5.0;6;0;0;T08-0100-P1200-20QC — QC Dimensionale
T08-0100-P1200;BOM-T08-0100-P1200-001;12;T08-0100-P1200-10LA;LA;1;Lavorazione Esterna;Lavorazione Esterna;12000.0;6;0;0;T08-0100-P1200-10LA — Rifilatura (BONADEI E. MECCANICA SRL)
T08-0100-P1200;BOM-T08-0100-P1200-001;13;T08-0100-P1200-30QC;QC;0;;Controllo Qualità;10.0;6;0;0;T08-0100-P1200-30QC — QC Dimensionale finale
T08-0100-P1300;BOM-T08-0100-P1300-001;1;T08-0100-P1300-10LT;LT;1;Lavorazione Esterna;Lavorazione Esterna;9000.0;6;0;0;T08-0100-P1300-10LT — Taglio sviluppo + Calandratura (SOMECAR SRL)
T08-0100-P1300;BOM-T08-0100-P1300-001;2;T08-0100-P1300-10QC;QC;0;;Controllo Qualità;10.0;6;0;0;T08-0100-P1300-10QC — QC Dimensionale
T08-0100-P1300;BOM-T08-0100-P1300-001;3;T08-0100-P1300-10SA;SA;0;;Saldatura;45.0;6;0;0;T08-0100-P1300-10SA — Saldatura longitudinale W4
T08-0100-P1300;BOM-T08-0100-P1300-001;4;T08-0100-P1300-10MX;MX;0;;Controllo Qualità;15.0;6;0;0;T08-0100-P1300-10MX — Definizione mappe radiografiche W4 + Marcatura pezzi
T08-0100-P1300;BOM-T08-0100-P1300-001;5;T08-0100-P1300-10RX;RX;1;Lavorazione Esterna;Lavorazione Esterna;1800.0;6;0;0;T08-0100-P1300-10RX — RX W4 (A.M.C. CONTROL SRL)
T08-0100-P1300;BOM-T08-0100-P1300-001;6;T08-0100-P1300-10VX;VX;0;;Controllo Qualità;1.0;6;0;0;T08-0100-P1300-10VX — Valutazione RX W4
T08-0100-P1300;BOM-T08-0100-P1300-001;7;T08-0100-P1300-10ML;ML;0;;Molatura;60.0;6;0;0;T08-0100-P1300-10ML — Molatura a filo entrambi lati W4
T08-0100-P1300;BOM-T08-0100-P1300-001;8;T08-0100-P1300-10VT;VT;0;;Controllo Qualità;10.0;6;0;0;T08-0100-P1300-10VT — VT W4
T08-0100-P1300;BOM-T08-0100-P1300-001;9;T08-0100-P1300-10PT;PT;0;;Controllo Qualità;50.0;6;0;0;T08-0100-P1300-10PT — PT W4
T08-0100-P1300;BOM-T08-0100-P1300-001;10;T08-0100-P1300-10ST;ST;0;;Lavorazioni Meccaniche;12.0;6;0;0;T08-0100-P1300-10ST — Calibratura con espantore manuale
T08-0100-P1300;BOM-T08-0100-P1300-001;11;T08-0100-P1300-20QC;QC;0;;Controllo Qualità;5.0;6;0;0;T08-0100-P1300-20QC — QC Dimensionale
T08-0100-P1300;BOM-T08-0100-P1300-001;12;T08-0100-P1300-10LA;LA;1;Lavorazione Esterna;Lavorazione Esterna;9000.0;6;0;0;T08-0100-P1300-10LA — Rifilatura e preparazione per saldatura (BONADEI E. MECCANICA SRL)
T08-0100-P1300;BOM-T08-0100-P1300-001;13;T08-0100-P1300-40QC;QC;0;;Controllo Qualità;10.0;6;0;0;T08-0100-P1300-40QC — QC Dimensionale finale
T08-0100-P1400;BOM-T08-0100-P1400-001;1;T08-0100-P1400-10LT;LT;1;Lavorazione Esterna;Lavorazione Esterna;9000.0;6;3.0;27019.00002;T08-0100-P1400-10LT — Taglio sviluppo + Calandratura (SOMECAR SRL)
T08-0100-P1400;BOM-T08-0100-P1400-001;2;T08-0100-P1400-10QC;QC;0;;Controllo Qualità;5.0;6;3.0;250.00002;T08-0100-P1400-10QC — QC Dimensionale
T08-0100-P1400;BOM-T08-0100-P1400-001;3;T08-0100-P1400-10SA;SA;0;;Saldatura;18.0;6;0;0;T08-0100-P1400-10SA — Saldatura longitudinale W5
T08-0100-P1400;BOM-T08-0100-P1400-001;4;T08-0100-P1400-10MX;MX;0;;Controllo Qualità;15.0;6;0;0;T08-0100-P1400-10MX — Definizione mappe radiografiche W5 + Marcatura pezzi
T08-0100-P1400;BOM-T08-0100-P1400-001;5;T08-0100-P1400-10RX;RX;1;Lavorazione Esterna;Lavorazione Esterna;1800.0;6;0;0;T08-0100-P1400-10RX — RX W5 (A.M.C. CONTROL SRL)
T08-0100-P1400;BOM-T08-0100-P1400-001;6;T08-0100-P1400-10VX;VX;0;;Controllo Qualità;1.0;6;0;0;T08-0100-P1400-10VX — Valutazione RX W5
T08-0100-P1400;BOM-T08-0100-P1400-001;7;T08-0100-P1400-10ML;ML;0;;Molatura;18.0;6;0;0;T08-0100-P1400-10ML — Molatura a filo entrambi lati W5
T08-0100-P1400;BOM-T08-0100-P1400-001;8;T08-0100-P1400-10VT;VT;0;;Controllo Qualità;10.0;6;0;0;T08-0100-P1400-10VT — VT W5
T08-0100-P1400;BOM-T08-0100-P1400-001;9;T08-0100-P1400-10PT;PT;0;;Controllo Qualità;50.0;6;0;0;T08-0100-P1400-10PT — PT W5
T08-0100-P1400;BOM-T08-0100-P1400-001;10;T08-0100-P1400-10ST;ST;0;;Lavorazioni Meccaniche;12.0;6;0;0;T08-0100-P1400-10ST — Formatura CNC
T08-0100-P1400;BOM-T08-0100-P1400-001;11;T08-0100-P1400-20QC;QC;0;;Controllo Qualità;5.0;6;0;0;T08-0100-P1400-20QC — QC Dimensionale
T08-0100-P1400;BOM-T08-0100-P1400-001;12;T08-0100-P1400-10LA;LA;1;Lavorazione Esterna;Lavorazione Esterna;6000.0;6;0;0;T08-0100-P1400-10LA — Foratura laser e rifilatura (SARZI LAMIERE SPA)
T08-0100-P1400;BOM-T08-0100-P1400-001;13;T08-0100-P1400-30QC;QC;0;;Controllo Qualità;10.0;6;0;0;T08-0100-P1400-30QC — QC Dimensionale finale
T08-0100-P1600;BOM-T08-0100-P1600-001;1;T08-0100-P1600-10LT;LT;1;Lavorazione Esterna;Lavorazione Esterna;9000.0;12;0;0;T08-0100-P1600-10LT — Taglio sviluppo + Calandratura virola multipla (SOMECAR SRL)
T08-0100-P1600;BOM-T08-0100-P1600-001;2;T08-0100-P1600-10QC;QC;0;;Controllo Qualità;5.0;12;0;0;T08-0100-P1600-10QC — QC Dimensionale
T08-0100-P1600;BOM-T08-0100-P1600-001;3;T08-0100-P1600-10SA;SA;0;;Saldatura;15.0;12;0;0;T08-0100-P1600-10SA — Saldatura longitudinale W58
T08-0100-P1600;BOM-T08-0100-P1600-001;4;T08-0100-P1600-10MX;MX;0;;Controllo Qualità;15.0;12;0;0;T08-0100-P1600-10MX — Definizione mappe radiografiche W58 + Marcatura pezzi
T08-0100-P1600;BOM-T08-0100-P1600-001;5;T08-0100-P1600-10RX;RX;1;Lavorazione Esterna;Lavorazione Esterna;1800.0;12;0;0;T08-0100-P1600-10RX — RX W58 (A.M.C. CONTROL SRL)
T08-0100-P1600;BOM-T08-0100-P1600-001;6;T08-0100-P1600-10VX;VX;0;;Controllo Qualità;1.0;12;0;0;T08-0100-P1600-10VX — Valutazione RX W58
T08-0100-P1600;BOM-T08-0100-P1600-001;7;T08-0100-P1600-10ML;ML;0;;Molatura;18.0;12;0;0;T08-0100-P1600-10ML — Molatura entrambi lati W58
T08-0100-P1600;BOM-T08-0100-P1600-001;8;T08-0100-P1600-10VT;VT;0;;Controllo Qualità;1.0;12;0;0;T08-0100-P1600-10VT — VT W58
T08-0100-P1600;BOM-T08-0100-P1600-001;9;T08-0100-P1600-10PT;PT;0;;Controllo Qualità;45.0;12;0;0;T08-0100-P1600-10PT — PT W58
T08-0100-P1600;BOM-T08-0100-P1600-001;10;T08-0100-P1600-10ST;ST;0;;Lavorazioni Meccaniche;12.0;12;0;0;T08-0100-P1600-10ST — Calibratura con espantore manuale
T08-0100-P1600;BOM-T08-0100-P1600-001;11;T08-0100-P1600-20QC;QC;0;;Controllo Qualità;5.0;12;0;0;T08-0100-P1600-20QC — QC Dimensionale
T08-0100-P1600;BOM-T08-0100-P1600-001;12;T08-0100-P1600-10LA;LA;1;Lavorazione Esterna;Lavorazione Esterna;12000.0;12;0;0;T08-0100-P1600-10LA — Taglio anelli incluso cianfrino (BONADEI E. MECCANICA SRL)
T08-0100-P1600;BOM-T08-0100-P1600-001;13;T08-0100-P1600-30QC;QC;0;;Controllo Qualità;5.0;12;0;0;T08-0100-P1600-30QC — QC Dimensionale
T08-0100-P1600;BOM-T08-0100-P1600-001;14;T08-0100-P1600-20ST;ST;0;;Lavorazioni Meccaniche;6.0;12;0;0;T08-0100-P1600-20ST — Formatura CNC
T08-0100-P1600;BOM-T08-0100-P1600-001;15;T08-0100-P1600-50QC;QC;0;;Controllo Qualità;5.0;12;0;0;T08-0100-P1600-50QC — QC Dimensionale finale
T08-0100-P1700;BOM-T08-0100-P1700-001;1;T08-0100-P1700-10LT;LT;1;Lavorazione Esterna;Lavorazione Esterna;3000.0;6;0;0;T08-0100-P1700-10LT — Taglio sviluppo (INOXEA SRL)
T08-0100-P1700;BOM-T08-0100-P1700-001;2;T08-0100-P1700-10QC;QC;0;;Controllo Qualità;5.0;6;0;0;T08-0100-P1700-10QC — QC Dimensionale
T08-0100-P1700;BOM-T08-0100-P1700-001;3;T08-0100-P1700-10LA;LA;1;Lavorazione Esterna;Lavorazione Esterna;12000.0;6;0;0;T08-0100-P1700-10LA — Lavorazione stampaggio + Taglio laser (MAC STAMP SRL)
T08-0100-P1700;BOM-T08-0100-P1700-001;4;T08-0100-P1700-20QC;QC;0;;Controllo Qualità;5.0;6;0;0;T08-0100-P1700-20QC — QC Dimensionale finale
T08-0100-P1800;BOM-T08-0100-P1800-001;1;T08-0100-P1800-10LT;LT;1;Lavorazione Esterna;Lavorazione Esterna;3000.0;6;6.0;18011.99988;T08-0100-P1800-10LT — Taglio WJ blocchetto dim. 20x37x27mm (BONADEI E. MECCANICA SRL)
T08-0100-P1800;BOM-T08-0100-P1800-001;2;T08-0100-P1800-10QC;QC;0;;Controllo Qualità;5.0;6;0;0;T08-0100-P1800-10QC — QC Dimensionale
T08-0100-P1800;BOM-T08-0100-P1800-001;3;T08-0100-P1800-10LA;LA;1;Lavorazione Esterna;Lavorazione Esterna;6000.0;6;0;0;T08-0100-P1800-10LA — Lavorazione meccanica (BONADEI E. MECCANICA SRL)
T08-0100-P1800;BOM-T08-0100-P1800-001;4;T08-0100-P1800-20QC;QC;0;;Controllo Qualità;5.0;6;0;0;T08-0100-P1800-20QC — QC Dimensionale finale
T08-0100-P2101;BOM-T08-0100-P2101-001;1;T08-0100-P2101-10LT;LT;1;Lavorazione Esterna;Lavorazione Esterna;6000.0;6;0;0;T08-0100-P2101-10LT — Taglio + Calandratura (SOMECAR SRL)
T08-0100-P2101;BOM-T08-0100-P2101-001;2;T08-0100-P2101-10QC;QC;0;;Controllo Qualità;5.0;6;0;0;T08-0100-P2101-10QC — QC Dimensionale
T08-0100-P2101;BOM-T08-0100-P2101-001;3;T08-0100-P2101-10SA;SA;0;;Saldatura;15.0;6;0;0;T08-0100-P2101-10SA — Saldatura longitudinale W53
T08-0100-P2101;BOM-T08-0100-P2101-001;4;T08-0100-P2101-10MX;MX;0;;Controllo Qualità;15.0;6;0;0;T08-0100-P2101-10MX — Definizione mappe radiografiche W53 e marcatura pezzi
T08-0100-P2101;BOM-T08-0100-P2101-001;5;T08-0100-P2101-10RX;RX;1;Lavorazione Esterna;Lavorazione Esterna;1800.0;6;0;0;T08-0100-P2101-10RX — RX W53 (A.M.C. CONTROL SRL)
T08-0100-P2101;BOM-T08-0100-P2101-001;6;T08-0100-P2101-10VX;VX;0;;Controllo Qualità;1.0;6;0;0;T08-0100-P2101-10VX — Valutazione RX W53
T08-0100-P2101;BOM-T08-0100-P2101-001;7;T08-0100-P2101-10ML;ML;0;;Molatura;15.0;6;0;0;T08-0100-P2101-10ML — Molatura W53 a filo entrambi lati
T08-0100-P2101;BOM-T08-0100-P2101-001;8;T08-0100-P2101-10VT;VT;0;;Controllo Qualità;5.0;6;0;0;T08-0100-P2101-10VT — VT W53
T08-0100-P2101;BOM-T08-0100-P2101-001;9;T08-0100-P2101-10PT;PT;0;;Controllo Qualità;45.0;6;0;0;T08-0100-P2101-10PT — PT W53
T08-0100-P2101;BOM-T08-0100-P2101-001;10;T08-0100-P2101-10ST;ST;0;;Lavorazioni Meccaniche;5.0;6;0;0;T08-0100-P2101-10ST — Formatura CNC
T08-0100-P2101;BOM-T08-0100-P2101-001;11;T08-0100-P2101-20QC;QC;0;;Controllo Qualità;5.0;6;0;0;T08-0100-P2101-20QC — QC Dimensionale
T08-0100-P2101;BOM-T08-0100-P2101-001;12;T08-0100-P2101-10LA;LA;1;Lavorazione Esterna;Lavorazione Esterna;9000.0;6;0;0;T08-0100-P2101-10LA — Rifilatura finale (BONADEI E. MECCANICA SRL)
T08-0100-P2101;BOM-T08-0100-P2101-001;13;T08-0100-P2101-30QC;QC;0;;Controllo Qualità;10.0;6;0;0;T08-0100-P2101-30QC — QC Dimensionale finale
T08-0100-P2102;BOM-T08-0100-P2102-002;1;T08-0100-P2102-10SA;SA;0;;Saldatura;45.0;6;0;0;T08-0100-P2102-10SA — Saldatura W57 (anellino + piastra forata)
T08-0100-P2102;BOM-T08-0100-P2102-002;2;T08-0100-P2102-10ML;ML;0;;Molatura;15.0;6;0;0;T08-0100-P2102-10ML — Molatura W57 + Lucidatura interna
T08-0100-P2102;BOM-T08-0100-P2102-002;3;T08-0100-P2102-10VT;VT;0;;Controllo Qualità;5.0;6;0;0;T08-0100-P2102-10VT — VT W57
T08-0100-P2102;BOM-T08-0100-P2102-002;4;T08-0100-P2102-10PT;PT;0;;Controllo Qualità;40.0;6;0;0;T08-0100-P2102-10PT — PT W57
T08-0100-P2102;BOM-T08-0100-P2102-002;5;T08-0100-P2102-10QC;QC;0;;Controllo Qualità;10.0;6;0;0;T08-0100-P2102-10QC — QC Dimensionale finale
T08-0100-P2103;BOM-T08-0100-P2103-001;1;T08-0100-P2103-10LT;LT;1;Lavorazione Esterna;Lavorazione Esterna;6000.0;6;0;0;T08-0100-P2103-10LT — Taglio sviluppo (INOXEA SRL)
T08-0100-P2103;BOM-T08-0100-P2103-001;2;T08-0100-P2103-10QC;QC;0;;Controllo Qualità;5.0;6;0;0;T08-0100-P2103-10QC — QC Dimensionale
T08-0100-P2103;BOM-T08-0100-P2103-001;3;T08-0100-P2103-10LA;LA;1;Lavorazione Esterna;Lavorazione Esterna;18000.0;6;0;0;T08-0100-P2103-10LA — Stampaggio + Foratura laser + Rifilatura (MAC STAMP SRL)
T08-0100-P2103;BOM-T08-0100-P2103-001;4;T08-0100-P2103-20QC;QC;0;;Controllo Qualità;10.0;6;0;0;T08-0100-P2103-20QC — QC Dimensionale finale
T08-0100-P2104;BOM-T08-0100-P2104-001;1;T08-0100-P2104-10LT;LT;1;Lavorazione Esterna;Lavorazione Esterna;12000.0;6;0;0;T08-0100-P2104-10LT — Taglio + Calandratura virola multipla (A.R.T.I.L. SNC)
T08-0100-P2104;BOM-T08-0100-P2104-001;2;T08-0100-P2104-10QC;QC;0;;Controllo Qualità;5.0;6;0;0;T08-0100-P2104-10QC — QC Dimensionale
T08-0100-P2104;BOM-T08-0100-P2104-001;3;T08-0100-P2104-10SA;SA;0;;Saldatura;180.0;6;0;0;T08-0100-P2104-10SA — Saldatura longitudinale W56 (H.T.S. SRL)
T08-0100-P2104;BOM-T08-0100-P2104-001;4;T08-0100-P2104-10MX;MX;0;;Controllo Qualità;15.0;6;0;0;T08-0100-P2104-10MX — Definizione mappe radiografiche W56 + Marcatura pezzi
T08-0100-P2104;BOM-T08-0100-P2104-001;5;T08-0100-P2104-10RX;RX;1;Lavorazione Esterna;Lavorazione Esterna;1800.0;6;0;0;T08-0100-P2104-10RX — RX W56 (A.M.C. CONTROL SRL)
T08-0100-P2104;BOM-T08-0100-P2104-001;6;T08-0100-P2104-10VX;VX;0;;Controllo Qualità;1.0;6;0;0;T08-0100-P2104-10VX — Valutazione RX W56
T08-0100-P2104;BOM-T08-0100-P2104-001;7;T08-0100-P2104-10ML;ML;0;;Molatura;25.0;6;0;0;T08-0100-P2104-10ML — Conformatura manuale + Molatura W56 a filo entrambi lati
T08-0100-P2104;BOM-T08-0100-P2104-001;8;T08-0100-P2104-10VT;VT;0;;Controllo Qualità;5.0;6;0;0;T08-0100-P2104-10VT — VT W56
T08-0100-P2104;BOM-T08-0100-P2104-001;9;T08-0100-P2104-10PT;PT;0;;Controllo Qualità;40.0;6;0;0;T08-0100-P2104-10PT — PT W56
T08-0100-P2104;BOM-T08-0100-P2104-001;10;T08-0100-P2104-10LA;LA;1;Lavorazione Esterna;Lavorazione Esterna;6000.0;6;0;0;T08-0100-P2104-10LA — Taglio anelli singoli (INOXEA SRL)
T08-0100-P2104;BOM-T08-0100-P2104-001;11;T08-0100-P2104-20QC;QC;0;;Controllo Qualità;5.0;6;0;0;T08-0100-P2104-20QC — QC Dimensionale
T08-0100-P2104;BOM-T08-0100-P2104-001;12;T08-0100-P2104-10ST;ST;0;;Lavorazioni Meccaniche;5.0;6;0;0;T08-0100-P2104-10ST — Calibratura espantore CNC
T08-0100-P2104;BOM-T08-0100-P2104-001;13;T08-0100-P2104-30QC;QC;0;;Controllo Qualità;5.0;6;0;0;T08-0100-P2104-30QC — QC Dimensionale finale
T08-0100-P2105;BOM-T08-0100-P2105-001;1;T08-0100-P2105-10SA;SA;1;Lavorazione Esterna;Lavorazione Esterna;12000.0;6;0;0;T08-0100-P2105-10SA — Saldatura W55 (H.T.S. SRL)
T08-0100-P2105;BOM-T08-0100-P2105-001;2;T08-0100-P2105-10MX;MX;0;;Controllo Qualità;15.0;6;0;0;T08-0100-P2105-10MX — Definizione mappe radiografiche W55 e marcatura pezzi
T08-0100-P2105;BOM-T08-0100-P2105-001;3;T08-0100-P2105-10RX;RX;1;Lavorazione Esterna;Lavorazione Esterna;1800.0;6;0;0;T08-0100-P2105-10RX — RX W55 (A.M.C. CONTROL SRL)
T08-0100-P2105;BOM-T08-0100-P2105-001;4;T08-0100-P2105-10VX;VX;0;;Controllo Qualità;1.0;6;0;0;T08-0100-P2105-10VX — Valutazione RX W55
T08-0100-P2105;BOM-T08-0100-P2105-001;5;T08-0100-P2105-10ML;ML;0;;Molatura;15.0;6;0;0;T08-0100-P2105-10ML — Molatura W55 a filo lato interno (garantire montaggio dentro piastra P2102)
T08-0100-P2105;BOM-T08-0100-P2105-001;6;T08-0100-P2105-10ST;ST;0;;Lavorazioni Meccaniche;5.0;6;0;0;T08-0100-P2105-10ST — Conformatura diametro con CNC
T08-0100-P2105;BOM-T08-0100-P2105-001;7;T08-0100-P2105-10VT;VT;0;;Controllo Qualità;5.0;6;0;0;T08-0100-P2105-10VT — VT W55
T08-0100-P2105;BOM-T08-0100-P2105-001;8;T08-0100-P2105-10PT;PT;0;;Controllo Qualità;40.0;6;0;0;T08-0100-P2105-10PT — PT W55
T08-0100-P2105;BOM-T08-0100-P2105-001;9;T08-0100-P2105-10QC;QC;0;;Controllo Qualità;5.0;6;0;0;T08-0100-P2105-10QC — QC Dimensionale finale
T08-0100-P2106;BOM-T08-0100-P2106-001;1;T08-0100-P2106-10LT;LT;1;Lavorazione Esterna;Lavorazione Esterna;6000.0;6;0;0;T08-0100-P2106-10LT — Taglio sviluppo (INOXEA SRL)
T08-0100-P2106;BOM-T08-0100-P2106-001;2;T08-0100-P2106-10QC;QC;0;;Controllo Qualità;5.0;6;0;0;T08-0100-P2106-10QC — QC Dimensionale
T08-0100-P2106;BOM-T08-0100-P2106-001;3;T08-0100-P2106-10LA;LA;1;Lavorazione Esterna;Lavorazione Esterna;18000.0;6;0;0;T08-0100-P2106-10LA — Stampaggio + Rifilatura (MAC STAMP SRL)
T08-0100-P2106;BOM-T08-0100-P2106-001;4;T08-0100-P2106-20QC;QC;0;;Controllo Qualità;10.0;6;0;0;T08-0100-P2106-20QC — QC Dimensionale finale
T08-0100-P2107;BOM-T08-0100-P2107-001;1;T08-0100-P2107-10LT;LT;1;Lavorazione Esterna;Lavorazione Esterna;12000.0;6;0;0;T08-0100-P2107-10LT — Taglio + Calandratura (A.R.T.I.L. SNC)
T08-0100-P2107;BOM-T08-0100-P2107-001;2;T08-0100-P2107-10QC;QC;0;;Controllo Qualità;5.0;6;0;0;T08-0100-P2107-10QC — QC Dimensionale
T08-0100-P2107;BOM-T08-0100-P2107-001;3;T08-0100-P2107-10SA;SA;1;Lavorazione Esterna;Lavorazione Esterna;9000.0;6;0;0;T08-0100-P2107-10SA — Saldatura longitudinale W54 (H.T.S. SRL)
T08-0100-P2107;BOM-T08-0100-P2107-001;4;T08-0100-P2107-10MX;MX;0;;Controllo Qualità;15.0;6;0;0;T08-0100-P2107-10MX — Definizione mappe radiografiche W54 + Marcatura pezzi
T08-0100-P2107;BOM-T08-0100-P2107-001;5;T08-0100-P2107-10RX;RX;1;Lavorazione Esterna;Lavorazione Esterna;1800.0;6;0;0;T08-0100-P2107-10RX — RX W54 (A.M.C. CONTROL SRL)
T08-0100-P2107;BOM-T08-0100-P2107-001;6;T08-0100-P2107-10VX;VX;0;;Controllo Qualità;1.0;6;0;0;T08-0100-P2107-10VX — Valutazione RX W54
T08-0100-P2107;BOM-T08-0100-P2107-001;7;T08-0100-P2107-10ML;ML;0;;Molatura;15.0;6;0;0;T08-0100-P2107-10ML — Molatura W54 a filo entrambi lati
T08-0100-P2107;BOM-T08-0100-P2107-001;8;T08-0100-P2107-10VT;VT;0;;Controllo Qualità;5.0;6;0;0;T08-0100-P2107-10VT — VT W54
T08-0100-P2107;BOM-T08-0100-P2107-001;9;T08-0100-P2107-10PT;PT;0;;Controllo Qualità;40.0;6;0;0;T08-0100-P2107-10PT — PT W54
T08-0100-P2107;BOM-T08-0100-P2107-001;10;T08-0100-P2107-10ST;ST;0;;Lavorazioni Meccaniche;5.0;6;0;0;T08-0100-P2107-10ST — Calibratura espantore CNC
T08-0100-P2107;BOM-T08-0100-P2107-001;11;T08-0100-P2107-20QC;QC;0;;Controllo Qualità;5.0;6;0;0;T08-0100-P2107-20QC — QC Dimensionale
T08-0100-P2107;BOM-T08-0100-P2107-001;12;T08-0100-P2107-10LA;LA;1;Lavorazione Esterna;Lavorazione Esterna;9000.0;6;0;0;T08-0100-P2107-10LA — Rifilatura + Foratura laser (SARZI LAMIERE SPA)
T08-0100-P2107;BOM-T08-0100-P2107-001;13;T08-0100-P2107-30QC;QC;0;;Controllo Qualità;5.0;6;0;0;T08-0100-P2107-30QC — QC Dimensionale finale
T08-0100-P2108;BOM-T08-0100-P2108-001;1;T08-0100-P2108-10LA;LA;1;Lavorazione Esterna;Lavorazione Esterna;3000.0;6;6.0;18011.99988;T08-0100-P2108-10LA — Taglio laser 2D (INOXEA SRL)
T08-0100-P2108;BOM-T08-0100-P2108-001;2;T08-0100-P2108-10QC;QC;0;;Controllo Qualità;5.0;6;0;0;T08-0100-P2108-10QC — QC Dimensionale finale
T08-0100-P2109;BOM-T08-0100-P2109-001;1;T08-0100-P2109-10SA;SA;1;Lavorazione Esterna;Lavorazione Esterna;3000.0;6;0;0;T08-0100-P2109-10SA — Saldatura circonferenziale W40 (H.T.S. SRL)
T08-0100-P2109;BOM-T08-0100-P2109-001;2;T08-0100-P2109-10MX;MX;0;;Controllo Qualità;15.0;6;0;0;T08-0100-P2109-10MX — Definizione mappe radiografiche W40 e marcatura pezzi
T08-0100-P2109;BOM-T08-0100-P2109-001;3;T08-0100-P2109-10RX;RX;1;Lavorazione Esterna;Lavorazione Esterna;1800.0;6;0;0;T08-0100-P2109-10RX — RX W40 (A.M.C. CONTROL SRL)
T08-0100-P2109;BOM-T08-0100-P2109-001;4;T08-0100-P2109-10VX;VX;0;;Controllo Qualità;1.0;6;0;0;T08-0100-P2109-10VX — Valutazione RX W40
T08-0100-P2109;BOM-T08-0100-P2109-001;5;T08-0100-P2109-10ML;ML;0;;Molatura;15.0;6;0;0;T08-0100-P2109-10ML — Molatura W40 a filo lato interno (garantire montaggio dentro bicchiere esterno P2105)
T08-0100-P2109;BOM-T08-0100-P2109-001;6;T08-0100-P2109-10VT;VT;0;;Controllo Qualità;5.0;6;0;0;T08-0100-P2109-10VT — VT W40
T08-0100-P2109;BOM-T08-0100-P2109-001;7;T08-0100-P2109-10PT;PT;0;;Controllo Qualità;40.0;6;0;0;T08-0100-P2109-10PT — PT W40
T08-0100-P2109;BOM-T08-0100-P2109-001;8;T08-0100-P2109-10MT;MT;0;;Montaggio;30.0;6;0;0;T08-0100-P2109-10MT — Raddrizzamento piano P2110
T08-0100-P2109;BOM-T08-0100-P2109-001;9;T08-0100-P2109-10QC;QC;0;;Controllo Qualità;5.0;6;0;0;T08-0100-P2109-10QC — QC Dimensionale finale
T08-0100-P2110;BOM-T08-0100-P2110-001;1;T08-0100-P2110-10LT;LT;1;Lavorazione Esterna;Lavorazione Esterna;6000.0;6;0;0;T08-0100-P2110-10LT — Taglio sviluppo (INOXEA SRL)
T08-0100-P2110;BOM-T08-0100-P2110-001;2;T08-0100-P2110-10QC;QC;0;;Controllo Qualità;5.0;6;0;0;T08-0100-P2110-10QC — QC Dimensionale
T08-0100-P2110;BOM-T08-0100-P2110-001;3;T08-0100-P2110-10LA;LA;1;Lavorazione Esterna;Lavorazione Esterna;18000.0;6;0;0;T08-0100-P2110-10LA — Stampaggio + Rifilatura (MAC STAMP SRL)
T08-0100-P2110;BOM-T08-0100-P2110-001;4;T08-0100-P2110-20QC;QC;0;;Controllo Qualità;5.0;6;0;0;T08-0100-P2110-20QC — QC Dimensionale finale
T08-0100-P2111;BOM-T08-0100-P2111-001;1;T08-0100-P2111-10LT;LT;1;Lavorazione Esterna;Lavorazione Esterna;12000.0;6;0;0;T08-0100-P2111-10LT — Taglio + Calandratura (A.R.T.I.L. SNC)
T08-0100-P2111;BOM-T08-0100-P2111-001;2;T08-0100-P2111-10QC;QC;0;;Controllo Qualità;5.0;6;0;0;T08-0100-P2111-10QC — QC Dimensionale
T08-0100-P2111;BOM-T08-0100-P2111-001;3;T08-0100-P2111-10SA;SA;1;Lavorazione Esterna;Lavorazione Esterna;3000.0;6;0;0;T08-0100-P2111-10SA — Saldatura longitudinale W39 (H.T.S. SRL)
T08-0100-P2111;BOM-T08-0100-P2111-001;4;T08-0100-P2111-10MX;MX;0;;Controllo Qualità;15.0;6;0;0;T08-0100-P2111-10MX — Definizione mappe radiografiche W39 + Marcatura pezzi
T08-0100-P2111;BOM-T08-0100-P2111-001;5;T08-0100-P2111-10RX;RX;1;Lavorazione Esterna;Lavorazione Esterna;1800.0;6;0;0;T08-0100-P2111-10RX — RX W39 (A.M.C. CONTROL SRL)
T08-0100-P2111;BOM-T08-0100-P2111-001;6;T08-0100-P2111-10VX;VX;0;;Controllo Qualità;1.0;6;0;0;T08-0100-P2111-10VX — Valutazione RX W39
T08-0100-P2111;BOM-T08-0100-P2111-001;7;T08-0100-P2111-10ML;ML;0;;Molatura;10.0;6;0;0;T08-0100-P2111-10ML — Molatura W39 a filo entrambi lati
T08-0100-P2111;BOM-T08-0100-P2111-001;8;T08-0100-P2111-10VT;VT;0;;Controllo Qualità;5.0;6;0;0;T08-0100-P2111-10VT — VT W39
T08-0100-P2111;BOM-T08-0100-P2111-001;9;T08-0100-P2111-10PT;PT;0;;Controllo Qualità;40.0;6;0;0;T08-0100-P2111-10PT — PT W39
T08-0100-P2111;BOM-T08-0100-P2111-001;10;T08-0100-P2111-10ST;ST;0;;Lavorazioni Meccaniche;5.0;6;0;0;T08-0100-P2111-10ST — Calibratura espantore CNC
T08-0100-P2111;BOM-T08-0100-P2111-001;11;T08-0100-P2111-20QC;QC;0;;Controllo Qualità;15.0;6;0;0;T08-0100-P2111-20QC — QC Dimensionale
T08-0100-P2111;BOM-T08-0100-P2111-001;12;T08-0100-P2111-10LA;LA;1;Lavorazione Esterna;Lavorazione Esterna;12000.0;6;0;0;T08-0100-P2111-10LA — Rifilatura (BONADEI E. MECCANICA SRL)
T08-0100-P2111;BOM-T08-0100-P2111-001;13;T08-0100-P2111-30QC;QC;0;;Controllo Qualità;5.0;6;0;0;T08-0100-P2111-30QC — QC Dimensionale finale
T08-0100-P2112;BOM-T08-0100-P2112-001;1;T08-0100-P2112-10FE;FE;1;Lavorazione Esterna;Lavorazione Esterna;60000.0;6;0;0;T08-0100-P2112-10FE — Microfuso + Lavorazione meccanica (ATS MICROFUSIONE SRL)
T08-0100-P2112;BOM-T08-0100-P2112-001;2;T08-0100-P2112-10QC;QC;0;;Controllo Qualità;5.0;6;0;0;T08-0100-P2112-10QC — QC Dimensionale finale
T08-0100-P2113;BOM-T08-0100-P2113-001;1;T08-0100-P2113-10LT;LT;1;Lavorazione Esterna;Lavorazione Esterna;6000.0;6;0;0;T08-0100-P2113-10LT — Taglio sviluppo (INOXEA SRL)
T08-0100-P2113;BOM-T08-0100-P2113-001;2;T08-0100-P2113-10QC;QC;0;;Controllo Qualità;5.0;6;0;0;T08-0100-P2113-10QC — QC Dimensionale
T08-0100-P2113;BOM-T08-0100-P2113-001;3;T08-0100-P2113-10LA;LA;1;Lavorazione Esterna;Lavorazione Esterna;9000.0;6;0;0;T08-0100-P2113-10LA — Stampaggio e rifilatura (MAC STAMP SRL)
T08-0100-P2113;BOM-T08-0100-P2113-001;4;T08-0100-P2113-20QC;QC;0;;Controllo Qualità;5.0;6;0;0;T08-0100-P2113-20QC — QC Dimensionale finale
T08-0100-P2200;BOM-T08-0100-P2200-001;1;T08-0100-P2200-10MT;MT;0;;Montaggio;120.0;6;0;0;T08-0100-P2200-10MT — Pulizia + Montaggio + Puntatura assieme
T08-0100-P2200;BOM-T08-0100-P2200-001;2;T08-0100-P2200-10SA;SA;0;;Saldatura;50.0;6;0;0;T08-0100-P2200-10SA — Saldatura a resistenza W61
T08-0100-P2200;BOM-T08-0100-P2200-001;3;T08-0100-P2200-10VT;VT;0;;Controllo Qualità;5.0;6;0;0;T08-0100-P2200-10VT — VT W61
T08-0100-P2200;BOM-T08-0100-P2200-001;4;T08-0100-P2200-20ML;ML;0;;Molatura;20.0;6;0;0;T08-0100-P2200-20ML — Lavaggio
T08-0100-P2200;BOM-T08-0100-P2200-001;5;T08-0100-P2200-10QC;QC;0;;Controllo Qualità;10.0;6;0;0;T08-0100-P2200-10QC — QC Dimensionale
T08-0100-P2200;BOM-T08-0100-P2200-001;6;T08-0100-P2200-10TT;TT;1;Lavorazione Esterna;Lavorazione Esterna;6000.0;6;0;0;T08-0100-P2200-10TT — Brasatura W38 (T.A.G. SRL)
T08-0100-P2200;BOM-T08-0100-P2200-001;7;T08-0100-P2200-20VT;VT;0;;Controllo Qualità;5.0;6;0;0;T08-0100-P2200-20VT — VT W38
T08-0100-P2200;BOM-T08-0100-P2200-001;8;T08-0100-P2200-10MX;MX;0;;Controllo Qualità;15.0;6;0;0;T08-0100-P2200-10MX — Definizione mappe radiografiche W61, W38 e marcatura pezzi
T08-0100-P2200;BOM-T08-0100-P2200-001;9;T08-0100-P2200-10RX;RX;1;Lavorazione Esterna;Lavorazione Esterna;1800.0;6;0;0;T08-0100-P2200-10RX — RX W61, W38 (A.M.C. CONTROL SRL)
T08-0100-P2200;BOM-T08-0100-P2200-001;10;T08-0100-P2200-10VX;VX;0;;Controllo Qualità;1.0;6;0;0;T08-0100-P2200-10VX — Valutazione RX W61, W38
T08-0100-P2200;BOM-T08-0100-P2200-001;11;T08-0100-P2200-20QC;QC;0;;Controllo Qualità;10.0;6;0;0;T08-0100-P2200-20QC — QC Dimensionale finale
T08-0100-P2201;BOM-T08-0100-P2201-001;1;T08-0100-P2201-10LT;LT;1;Lavorazione Esterna;Lavorazione Esterna;6000.0;6;0;0;T08-0100-P2201-10LT — Taglio + Calandratura (SOMECAR SRL)
T08-0100-P2201;BOM-T08-0100-P2201-001;2;T08-0100-P2201-10QC;QC;0;;Controllo Qualità;5.0;6;0;0;T08-0100-P2201-10QC — QC Dimensionale
T08-0100-P2201;BOM-T08-0100-P2201-001;3;T08-0100-P2201-10SA;SA;1;Lavorazione Esterna;Lavorazione Esterna;3000.0;6;0;0;T08-0100-P2201-10SA — Saldatura longitudinale W37 (H.T.S. SRL)
T08-0100-P2201;BOM-T08-0100-P2201-001;4;T08-0100-P2201-10MX;MX;0;;Controllo Qualità;15.0;6;0;0;T08-0100-P2201-10MX — Definizione mappe radiografiche W37 + Marcatura pezzi
T08-0100-P2201;BOM-T08-0100-P2201-001;5;T08-0100-P2201-10RX;RX;1;Lavorazione Esterna;Lavorazione Esterna;1800.0;6;0;0;T08-0100-P2201-10RX — RX W37 (A.M.C. CONTROL SRL)
T08-0100-P2201;BOM-T08-0100-P2201-001;6;T08-0100-P2201-10VX;VX;0;;Controllo Qualità;1.0;6;0;0;T08-0100-P2201-10VX — Valutazione RX W37
T08-0100-P2201;BOM-T08-0100-P2201-001;7;T08-0100-P2201-10ML;ML;0;;Molatura;20.0;6;0;0;T08-0100-P2201-10ML — Conformatura manuale + Molatura W37 a filo entrambi lati
T08-0100-P2201;BOM-T08-0100-P2201-001;8;T08-0100-P2201-10VT;VT;0;;Controllo Qualità;5.0;6;0;0;T08-0100-P2201-10VT — VT W37
T08-0100-P2201;BOM-T08-0100-P2201-001;9;T08-0100-P2201-10PT;PT;0;;Controllo Qualità;40.0;6;0;0;T08-0100-P2201-10PT — PT W37
T08-0100-P2201;BOM-T08-0100-P2201-001;10;T08-0100-P2201-10ST;ST;0;;Lavorazioni Meccaniche;10.0;6;0;0;T08-0100-P2201-10ST — Formatura CNC
T08-0100-P2201;BOM-T08-0100-P2201-001;11;T08-0100-P2201-20QC;QC;0;;Controllo Qualità;5.0;6;0;0;T08-0100-P2201-20QC — QC Dimensionale
T08-0100-P2201;BOM-T08-0100-P2201-001;12;T08-0100-P2201-10LA;LA;1;Lavorazione Esterna;Lavorazione Esterna;9000.0;6;0;0;T08-0100-P2201-10LA — Rifilatura + Foratura laser (SARZI LAMIERE SPA)
T08-0100-P2201;BOM-T08-0100-P2201-001;13;T08-0100-P2201-30QC;QC;0;;Controllo Qualità;10.0;6;0;0;T08-0100-P2201-30QC — QC Dimensionale finale
T08-0100-P2202;BOM-T08-0100-P2202-001;1;T08-0100-P2202-10LT;LT;1;Lavorazione Esterna;Lavorazione Esterna;6000.0;6;0;0;T08-0100-P2202-10LT — Taglio + Calandratura (SOMECAR SRL)
T08-0100-P2202;BOM-T08-0100-P2202-001;2;T08-0100-P2202-10QC;QC;0;;Controllo Qualità;5.0;6;0;0;T08-0100-P2202-10QC — QC Dimensionale
T08-0100-P2202;BOM-T08-0100-P2202-001;3;T08-0100-P2202-10SA;SA;0;;Saldatura;15.0;6;0;0;T08-0100-P2202-10SA — Saldatura longitudinale W37 (H.T.S. SRL)
T08-0100-P2202;BOM-T08-0100-P2202-001;4;T08-0100-P2202-10MX;MX;0;;Controllo Qualità;15.0;6;0;0;T08-0100-P2202-10MX — Definizione mappe radiografiche W37 + Marcatura pezzi
T08-0100-P2202;BOM-T08-0100-P2202-001;5;T08-0100-P2202-10RX;RX;1;Lavorazione Esterna;Lavorazione Esterna;1800.0;6;0;0;T08-0100-P2202-10RX — RX W37 (A.M.C. CONTROL SRL)
T08-0100-P2202;BOM-T08-0100-P2202-001;6;T08-0100-P2202-10VX;VX;0;;Controllo Qualità;1.0;6;0;0;T08-0100-P2202-10VX — Valutazione RX W37
T08-0100-P2202;BOM-T08-0100-P2202-001;7;T08-0100-P2202-10ML;ML;0;;Molatura;20.0;6;0;0;T08-0100-P2202-10ML — Conformatura manuale + Molatura W37 a filo entrambi lati
T08-0100-P2202;BOM-T08-0100-P2202-001;8;T08-0100-P2202-10VT;VT;0;;Controllo Qualità;5.0;6;0;0;T08-0100-P2202-10VT — VT W37
T08-0100-P2202;BOM-T08-0100-P2202-001;9;T08-0100-P2202-10PT;PT;0;;Controllo Qualità;40.0;6;0;0;T08-0100-P2202-10PT — PT W37
T08-0100-P2202;BOM-T08-0100-P2202-001;10;T08-0100-P2202-10ST;ST;0;;Lavorazioni Meccaniche;10.0;6;0;0;T08-0100-P2202-10ST — Formatura CNC
T08-0100-P2202;BOM-T08-0100-P2202-001;11;T08-0100-P2202-20QC;QC;0;;Controllo Qualità;5.0;6;0;0;T08-0100-P2202-20QC — QC Dimensionale
T08-0100-P2202;BOM-T08-0100-P2202-001;12;T08-0100-P2202-10LA;LA;1;Lavorazione Esterna;Lavorazione Esterna;9000.0;6;0;0;T08-0100-P2202-10LA — Rifilatura + Foratura laser (SARZI LAMIERE SPA)
T08-0100-P2202;BOM-T08-0100-P2202-001;13;T08-0100-P2202-30QC;QC;0;;Controllo Qualità;10.0;6;0;0;T08-0100-P2202-30QC — QC Dimensionale finale
T08-0100-P2300;BOM-T08-0100-P2300-001;1;T08-0100-P2300-10SA;SA;0;;Saldatura;50.0;6;0;0;T08-0100-P2300-10SA — Saldatura W34, W35
T08-0100-P2300;BOM-T08-0100-P2300-001;2;T08-0100-P2300-10MX;MX;0;;Controllo Qualità;15.0;6;0;0;T08-0100-P2300-10MX — Definizione mappe radiografiche W34, W35 e marcatura pezzi
T08-0100-P2300;BOM-T08-0100-P2300-001;3;T08-0100-P2300-10RX;RX;1;Lavorazione Esterna;Lavorazione Esterna;1800.0;6;0;0;T08-0100-P2300-10RX — RX W34, W35 (A.M.C. CONTROL SRL)
T08-0100-P2300;BOM-T08-0100-P2300-001;4;T08-0100-P2300-10VX;VX;0;;Controllo Qualità;1.0;6;0;0;T08-0100-P2300-10VX — Valutazione RX W34, W35
T08-0100-P2300;BOM-T08-0100-P2300-001;5;T08-0100-P2300-10ML;ML;0;;Molatura;45.0;6;0;0;T08-0100-P2300-10ML — Molatura W34 a filo
T08-0100-P2300;BOM-T08-0100-P2300-001;6;T08-0100-P2300-10VT;VT;0;;Controllo Qualità;5.0;6;0;0;T08-0100-P2300-10VT — VT W34, W35
T08-0100-P2300;BOM-T08-0100-P2300-001;7;T08-0100-P2300-10PT;PT;0;;Controllo Qualità;45.0;6;0;0;T08-0100-P2300-10PT — PT W34, W35
T08-0100-P2300;BOM-T08-0100-P2300-001;8;T08-0100-P2300-20SA;SA;0;;Saldatura;20.0;6;0;0;T08-0100-P2300-20SA — Saldatura W36
T08-0100-P2300;BOM-T08-0100-P2300-001;9;T08-0100-P2300-20VT;VT;0;;Controllo Qualità;5.0;6;0;0;T08-0100-P2300-20VT — VT W36
T08-0100-P2300;BOM-T08-0100-P2300-001;10;T08-0100-P2300-20PT;PT;0;;Controllo Qualità;40.0;6;0;0;T08-0100-P2300-20PT — PT W36
T08-0100-P2300;BOM-T08-0100-P2300-001;11;T08-0100-P2300-10QC;QC;0;;Controllo Qualità;10.0;6;0;0;T08-0100-P2300-10QC — QC Dimensionale finale
T08-0100-P2301;BOM-T08-0100-P2301-001;1;T08-0100-P2301-10LT;LT;1;Lavorazione Esterna;Lavorazione Esterna;1200.0;6;0;0;T08-0100-P2301-10LT — Taglio sviluppo + Calandratura (A.R.T.I.L. SNC)
T08-0100-P2301;BOM-T08-0100-P2301-001;2;T08-0100-P2301-10QC;QC;0;;Controllo Qualità;5.0;6;0;0;T08-0100-P2301-10QC — QC Dimensionale
T08-0100-P2301;BOM-T08-0100-P2301-001;3;T08-0100-P2301-10SA;SA;0;;Saldatura;30.0;6;0;0;T08-0100-P2301-10SA — Saldatura longitudinale W30
T08-0100-P2301;BOM-T08-0100-P2301-001;4;T08-0100-P2301-10MX;MX;0;;Controllo Qualità;15.0;6;0;0;T08-0100-P2301-10MX — Definizione mappe radiografiche W30 e marcatura pezzi
T08-0100-P2301;BOM-T08-0100-P2301-001;5;T08-0100-P2301-10RX;RX;1;Lavorazione Esterna;Lavorazione Esterna;1620.0;6;0;0;T08-0100-P2301-10RX — RX W30 (A.M.C. CONTROL)
T08-0100-P2301;BOM-T08-0100-P2301-001;6;T08-0100-P2301-10ML;ML;0;;Molatura;45.0;6;0;0;T08-0100-P2301-10ML — Conformatura manuale + Molatura W30 a filo entrambi lati
T08-0100-P2301;BOM-T08-0100-P2301-001;7;T08-0100-P2301-10VT;VT;0;;Controllo Qualità;5.0;6;0;0;T08-0100-P2301-10VT — VT W30
T08-0100-P2301;BOM-T08-0100-P2301-001;8;T08-0100-P2301-10PT;PT;0;;Controllo Qualità;40.0;6;0;0;T08-0100-P2301-10PT — PT W30
T08-0100-P2301;BOM-T08-0100-P2301-001;9;T08-0100-P2301-10ST;ST;0;;Lavorazioni Meccaniche;10.0;6;0;0;T08-0100-P2301-10ST — Formatura CNC
T08-0100-P2301;BOM-T08-0100-P2301-001;10;T08-0100-P2301-20QC;QC;0;;Controllo Qualità;5.0;6;0;0;T08-0100-P2301-20QC — QC Dimensionale
T08-0100-P2301;BOM-T08-0100-P2301-001;11;T08-0100-P2301-10LA;LA;1;Lavorazione Esterna;Lavorazione Esterna;900.0;6;0;0;T08-0100-P2301-10LA — Rifilatura + Foratura laser (SARZI LAMIERE SPA)
T08-0100-P2301;BOM-T08-0100-P2301-001;12;T08-0100-P2301-30QC;QC;0;;Controllo Qualità;5.0;6;0;0;T08-0100-P2301-30QC — QC Dimensionale finale
T08-0100-P2302;BOM-T08-0100-P2302-001;1;T08-0100-P2302-10FE;FE;1;Lavorazione Esterna;Lavorazione Esterna;60000.0;6;0;0;T08-0100-P2302-10FE — Microfuso/SLM + Lavorazione finale (ZARE)
T08-0100-P2302;BOM-T08-0100-P2302-001;2;T08-0100-P2302-10QC;QC;0;;Controllo Qualità;10.0;6;0;0;T08-0100-P2302-10QC — QC Dimensionale finale
T08-0100-P2303;BOM-T08-0100-P2303-001;1;T08-0100-P2303-10SA;SA;0;;Saldatura;30.0;6;0;0;T08-0100-P2303-10SA — Saldatura circonferenziale W33
T08-0100-P2303;BOM-T08-0100-P2303-001;2;T08-0100-P2303-10MX;MX;0;;Controllo Qualità;15.0;6;0;0;T08-0100-P2303-10MX — Definizione mappe radiografiche W33 + Marcatura pezzi
T08-0100-P2303;BOM-T08-0100-P2303-001;3;T08-0100-P2303-10RX;RX;1;Lavorazione Esterna;Lavorazione Esterna;1800.0;6;0;0;T08-0100-P2303-10RX — RX W33 (A.M.C. CONTROL SRL)
T08-0100-P2303;BOM-T08-0100-P2303-001;4;T08-0100-P2303-10VX;VX;0;;Controllo Qualità;1.0;6;0;0;T08-0100-P2303-10VX — Valutazione RX W33
T08-0100-P2303;BOM-T08-0100-P2303-001;5;T08-0100-P2303-10ML;ML;0;;Molatura;20.0;6;0;0;T08-0100-P2303-10ML — Molatura W33 a filo lato interno (ripristino diametro interno)
T08-0100-P2303;BOM-T08-0100-P2303-001;6;T08-0100-P2303-10VT;VT;0;;Controllo Qualità;5.0;6;0;0;T08-0100-P2303-10VT — VT W33
T08-0100-P2303;BOM-T08-0100-P2303-001;7;T08-0100-P2303-10PT;PT;0;;Controllo Qualità;40.0;6;0;0;T08-0100-P2303-10PT — PT W33
T08-0100-P2303;BOM-T08-0100-P2303-001;8;T08-0100-P2303-10QC;QC;0;;Controllo Qualità;5.0;6;0;0;T08-0100-P2303-10QC — QC Dimensionale finale
T08-0100-P2304;BOM-T08-0100-P2304-001;1;T08-0100-P2304-10LT;LT;1;Lavorazione Esterna;Lavorazione Esterna;9000.0;6;0;0;T08-0100-P2304-10LT — Taglio sviluppo e calandratura (A.R.T.I.L. SNC)
T08-0100-P2304;BOM-T08-0100-P2304-001;2;T08-0100-P2304-10QC;QC;0;;Controllo Qualità;5.0;6;0;0;T08-0100-P2304-10QC — QC Dimensionale
T08-0100-P2304;BOM-T08-0100-P2304-001;3;T08-0100-P2304-10SA;SA;0;;Saldatura;20.0;6;0;0;T08-0100-P2304-10SA — Saldatura longitudinale W32
T08-0100-P2304;BOM-T08-0100-P2304-001;4;T08-0100-P2304-10MX;MX;0;;Controllo Qualità;15.0;6;0;0;T08-0100-P2304-10MX — Definizione mappe radiografiche W32 + Marcatura pezzi
T08-0100-P2304;BOM-T08-0100-P2304-001;5;T08-0100-P2304-10RX;RX;1;Lavorazione Esterna;Lavorazione Esterna;1800.0;6;0;0;T08-0100-P2304-10RX — RX W32 (A.M.C. CONTROL SRL)
T08-0100-P2304;BOM-T08-0100-P2304-001;6;T08-0100-P2304-10VX;VX;0;;Controllo Qualità;1.0;6;0;0;T08-0100-P2304-10VX — Valutazione RX W32
T08-0100-P2304;BOM-T08-0100-P2304-001;7;T08-0100-P2304-10ML;ML;0;;Molatura;20.0;6;0;0;T08-0100-P2304-10ML — Conformatura manuale + Molatura W32 a filo entrambi lati
T08-0100-P2304;BOM-T08-0100-P2304-001;8;T08-0100-P2304-10VT;VT;0;;Controllo Qualità;5.0;6;0;0;T08-0100-P2304-10VT — VT W32
T08-0100-P2304;BOM-T08-0100-P2304-001;9;T08-0100-P2304-10PT;PT;0;;Controllo Qualità;45.0;6;0;0;T08-0100-P2304-10PT — PT W32
T08-0100-P2304;BOM-T08-0100-P2304-001;10;T08-0100-P2304-10LA;LA;1;Lavorazione Esterna;Lavorazione Esterna;12000.0;6;0;0;T08-0100-P2304-10LA — Fluotornitura + Foratura laser + Rifilatura (GIOTTO FRATELLI SRL)
T08-0100-P2304;BOM-T08-0100-P2304-001;11;T08-0100-P2304-20QC;QC;0;;Controllo Qualità;5.0;6;0;0;T08-0100-P2304-20QC — QC Dimensionale finale
T08-0100-P2305;BOM-T08-0100-P2305-001;1;T08-0100-P2305-10FE;FE;1;Lavorazione Esterna;Lavorazione Esterna;60000.0;6;0;0;T08-0100-P2305-10FE — Microfuso/SLM + Lavorazione finale (ZARE)
T08-0100-P2305;BOM-T08-0100-P2305-001;2;T08-0100-P2305-10QC;QC;0;;Controllo Qualità;10.0;6;0;0;T08-0100-P2305-10QC — QC Dimensionale finale
T08-0100-P2307;BOM-T08-0100-P2307-001;1;T08-0100-P2307-10LT;LT;1;Lavorazione Esterna;Lavorazione Esterna;9000.0;6;0;0;T08-0100-P2307-10LT — Taglio sviluppo + Calandratura (INOXEA SRL)
T08-0100-P2307;BOM-T08-0100-P2307-001;2;T08-0100-P2307-10QC;QC;0;;Controllo Qualità;5.0;6;0;0;T08-0100-P2307-10QC — QC Dimensionale
T08-0100-P2307;BOM-T08-0100-P2307-001;3;T08-0100-P2307-10SA;SA;0;;Saldatura;10.0;6;0;0;T08-0100-P2307-10SA — Saldatura longitudinale W31
T08-0100-P2307;BOM-T08-0100-P2307-001;4;T08-0100-P2307-10MX;MX;0;;Controllo Qualità;15.0;6;0;0;T08-0100-P2307-10MX — Definizione mappe radiografiche W31 + Marcatura pezzi
T08-0100-P2307;BOM-T08-0100-P2307-001;5;T08-0100-P2307-10RX;RX;1;Lavorazione Esterna;Lavorazione Esterna;1800.0;6;0;0;T08-0100-P2307-10RX — RX W31 (A.M.C. CONTROL SRL)
T08-0100-P2307;BOM-T08-0100-P2307-001;6;T08-0100-P2307-10VX;VX;0;;Controllo Qualità;1.0;6;0;0;T08-0100-P2307-10VX — Valutazione RX W31
T08-0100-P2307;BOM-T08-0100-P2307-001;7;T08-0100-P2307-10ML;ML;0;;Molatura;15.0;6;0;0;T08-0100-P2307-10ML — Conformatura manuale + Molatura W31 a filo entrambi lati
T08-0100-P2307;BOM-T08-0100-P2307-001;8;T08-0100-P2307-10VT;VT;0;;Controllo Qualità;5.0;6;0;0;T08-0100-P2307-10VT — VT W31
T08-0100-P2307;BOM-T08-0100-P2307-001;9;T08-0100-P2307-10PT;PT;0;;Controllo Qualità;40.0;6;0;0;T08-0100-P2307-10PT — PT W31
T08-0100-P2307;BOM-T08-0100-P2307-001;10;T08-0100-P2307-10ST;ST;0;;Lavorazioni Meccaniche;2.0;6;0;0;T08-0100-P2307-10ST — Calibratura CNC
T08-0100-P2307;BOM-T08-0100-P2307-001;11;T08-0100-P2307-20QC;QC;0;;Controllo Qualità;5.0;6;0;0;T08-0100-P2307-20QC — QC Dimensionale
T08-0100-P2307;BOM-T08-0100-P2307-001;12;T08-0100-P2307-10LA;LA;1;Lavorazione Esterna;Lavorazione Esterna;6000.0;6;0;0;T08-0100-P2307-10LA — Lavorazione rifilatura (BONADEI E. MECCANICA SRL)
T08-0100-P2307;BOM-T08-0100-P2307-001;13;T08-0100-P2307-30QC;QC;0;;Controllo Qualità;5.0;6;0;0;T08-0100-P2307-30QC — QC Dimensionale finale
T08-0100-P2404;BOM-T08-0100-P2404-001;1;T08-0100-P2404-10FE;FE;1;Lavorazione Esterna;Lavorazione Esterna;60000.0;6;0;0;T08-0100-P2404-10FE — Microfuso + Lavorazione finale (ATS MICROFUSIONE SRL)
T08-0100-P2404;BOM-T08-0100-P2404-001;2;T08-0100-P2404-10QC;QC;0;;Controllo Qualità;10.0;6;0;0;T08-0100-P2404-10QC — QC Dimensionale finale
T08-0100-P3200;BOM-T08-0100-P3200-001;1;T08-0100-P3200-10LT;LT;1;Lavorazione Esterna;Lavorazione Esterna;6000.0;6;0;0;T08-0100-P3200-10LT — Taglio sviluppo + Calandratura (INOXEA SRL)
T08-0100-P3200;BOM-T08-0100-P3200-001;2;T08-0100-P3200-10QC;QC;0;;Controllo Qualità;5.0;6;0;0;T08-0100-P3200-10QC — QC Dimensionale
T08-0100-P3200;BOM-T08-0100-P3200-001;3;T08-0100-P3200-10LA;LA;1;Lavorazione Esterna;Lavorazione Esterna;15000.0;6;0;0;T08-0100-P3200-10LA — Stampaggio + Rifilatura (MAC STAMP SRL)
T08-0100-P3200;BOM-T08-0100-P3200-001;4;T08-0100-P3200-20QC;QC;0;;Controllo Qualità;10.0;6;0;0;T08-0100-P3200-20QC — QC Dimensionale finale
T08-0100-P3303;BOM-T08-0100-P3303-001;1;T08-0100-P3303-10LA;LA;1;Lavorazione Esterna;Lavorazione Esterna;15000.0;6;0;0;T08-0100-P3303-10LA — Taglio + Stampaggio (M.B.L. SRL)
T08-0100-P3303;BOM-T08-0100-P3303-001;2;T08-0100-P3303-10QC;QC;0;;Controllo Qualità;10.0;6;0;0;T08-0100-P3303-10QC — QC Dimensionale
T08-0100-P4000;BOM-T08-0100-P4000-001;1;T08-0100-P4000-10LA;LA;1;Lavorazione Esterna;Lavorazione Esterna;9000.0;6;0;0;T08-0100-P4000-10LA — Lavorazione meccanica (EPIS SRL)
T08-0100-P4000;BOM-T08-0100-P4000-001;2;T08-0100-P4000-10QC;QC;0;;Controllo Qualità;2.0;6;0;0;T08-0100-P4000-10QC — QC Dimensionale finale
T08-0100-P5000;BOM-T08-0100-P5000-001;1;T08-0100-P5000-10LA;LA;1;Lavorazione Esterna;Lavorazione Esterna;9000.0;6;0;0;T08-0100-P5000-10LA — Lavorazione meccanica (EPIS SRL)
T08-0100-P5000;BOM-T08-0100-P5000-001;2;T08-0100-P5000-10QC;QC;0;;Controllo Qualità;2.0;6;0;0;T08-0100-P5000-10QC — QC Dimensionale finale
T08-0100-P6000;BOM-T08-0100-P6000-001;1;T08-0100-P6000-10LT;LT;1;Lavorazione Esterna;Lavorazione Esterna;6000.0;6;0;0;T08-0100-P6000-10LT — Taglio + Calandratura (SOMECAR SRL)
T08-0100-P6000;BOM-T08-0100-P6000-001;2;T08-0100-P6000-10QC;QC;0;;Controllo Qualità;5.0;6;0;0;T08-0100-P6000-10QC — QC Dimensionale
T08-0100-P6000;BOM-T08-0100-P6000-001;3;T08-0100-P6000-10SA;SA;1;Lavorazione Esterna;Lavorazione Esterna;6000.0;6;0;0;T08-0100-P6000-10SA — Saldatura longitudinale W6 (H.T. SRL)
T08-0100-P6000;BOM-T08-0100-P6000-001;4;T08-0100-P6000-10MX;MX;0;;Controllo Qualità;15.0;6;0;0;T08-0100-P6000-10MX — Definizione mappe radiografiche W6 + Marcatura pezzi
T08-0100-P6000;BOM-T08-0100-P6000-001;5;T08-0100-P6000-10RX;RX;1;Lavorazione Esterna;Lavorazione Esterna;1800.0;6;0;0;T08-0100-P6000-10RX — RX W6 (A.M.C. CONTROL SRL)
T08-0100-P6000;BOM-T08-0100-P6000-001;6;T08-0100-P6000-10VX;VX;0;;Controllo Qualità;1.0;6;0;0;T08-0100-P6000-10VX — Valutazione RX W6
T08-0100-P6000;BOM-T08-0100-P6000-001;7;T08-0100-P6000-10ML;ML;0;;Molatura;15.0;6;0;0;T08-0100-P6000-10ML — Molatura a filo entrambi lati W6
T08-0100-P6000;BOM-T08-0100-P6000-001;8;T08-0100-P6000-10VT;VT;0;;Controllo Qualità;2.0;6;0;0;T08-0100-P6000-10VT — VT W6
T08-0100-P6000;BOM-T08-0100-P6000-001;9;T08-0100-P6000-10PT;PT;0;;Controllo Qualità;45.0;6;0;0;T08-0100-P6000-10PT — PT W6
T08-0100-P6000;BOM-T08-0100-P6000-001;10;T08-0100-P6000-10ST;ST;0;;Lavorazioni Meccaniche;12.0;6;0;0;T08-0100-P6000-10ST — Formatura CNC
T08-0100-P6000;BOM-T08-0100-P6000-001;11;T08-0100-P6000-20QC;QC;0;;Controllo Qualità;5.0;6;0;0;T08-0100-P6000-20QC — QC Dimensionale
T08-0100-P6000;BOM-T08-0100-P6000-001;12;T08-0100-P6000-10TT;TT;1;Lavorazione Esterna;Lavorazione Esterna;7200.0;6;0;0;T08-0100-P6000-10TT — Trattamento di solubilizzazione e invecchiamento (BODYCOTE SPA)
T08-0100-P6000;BOM-T08-0100-P6000-001;13;T08-0100-P6000-30QC;QC;0;;Controllo Qualità;5.0;6;0;0;T08-0100-P6000-30QC — QC Dimensionale
T08-0100-P6000;BOM-T08-0100-P6000-001;14;T08-0100-P6000-10LA;LA;1;Lavorazione Esterna;Lavorazione Esterna;6000.0;6;0;0;T08-0100-P6000-10LA — Taglio laser feritoie (SARZI LAMIERE SPA)
T08-0100-P6000;BOM-T08-0100-P6000-001;15;T08-0100-P6000-40QC;QC;0;;Controllo Qualità;5.0;6;0;0;T08-0100-P6000-40QC — QC Dimensionale
T08-0100-P6000;BOM-T08-0100-P6000-001;16;T08-0100-P6000-20ST;ST;0;;Lavorazioni Meccaniche;5.0;6;0;0;T08-0100-P6000-20ST — Bombatura molle a diametro finale richiesto
T08-0100-P6000;BOM-T08-0100-P6000-001;17;T08-0100-P6000-50QC;QC;0;;Controllo Qualità;5.0;6;0;0;T08-0100-P6000-50QC — QC Dimensionale
T08-0100-P6000;BOM-T08-0100-P6000-001;18;T08-0100-P6000-20TT;TT;1;Lavorazione Esterna;Lavorazione Esterna;9000.0;6;0;0;T08-0100-P6000-20TT — Rivestimento HFC *CONFERMARE GRUPPO* (FLAME SPRAY SPA)
T08-0100-P6000;BOM-T08-0100-P6000-001;19;T08-0100-P6000-60QC;QC;0;;Controllo Qualità;5.0;6;0;0;T08-0100-P6000-60QC — VT Coating
T08-0100-P6000;BOM-T08-0100-P6000-001;20;T08-0100-P6000-70QC;QC;0;;Controllo Qualità;10.0;6;0;0;T08-0100-P6000-70QC — QC Dimensionale finale
T08-0200-P3203;BOM-T08-0200-P3203-001;1;T08-0200-P3203-10LT;LT;1;Lavorazione Esterna;Lavorazione Esterna;12000.0;6;6.0;72054.0;T08-0200-P3203-10LT — Taglio laser + Calandratura virola singola (INOXEA SRL)
T08-0200-P3203;BOM-T08-0200-P3203-001;2;T08-0200-P3203-10QC;QC;0;;Controllo Qualità;5.0;6;6.0;500.00004;T08-0200-P3203-10QC — QC visivo e dimensionale
T08-0200-P3203;BOM-T08-0200-P3203-001;3;T08-0200-P3203-10SA;SA;0;;Saldatura;90.0;6;0;0;T08-0200-P3203-10SA — Saldatura longitudinale W15
T08-0200-P3203;BOM-T08-0200-P3203-001;4;T08-0200-P3203-10MX;MX;0;;Controllo Qualità;15.0;6;0;0;T08-0200-P3203-10MX — Definizione mappe radiografiche W15 + Marcatura pezzi
T08-0200-P3203;BOM-T08-0200-P3203-001;5;T08-0200-P3203-10RX;RX;1;Lavorazione Esterna;Lavorazione Esterna;1800.0;6;0;0;T08-0200-P3203-10RX — RX W15 (A.M.C. CONTROL SRL)
T08-0200-P3203;BOM-T08-0200-P3203-001;6;T08-0200-P3203-10VX;VX;0;;Controllo Qualità;1.0;6;0;0;T08-0200-P3203-10VX — Valutazione RX W15
T08-0200-P3203;BOM-T08-0200-P3203-001;7;T08-0200-P3203-10TT;TT;1;Lavorazione Esterna;Lavorazione Esterna;6000.0;6;0;0;T08-0200-P3203-10TT — Trattamento termico di solubilizzazione (BODYCOTE SPA)
T08-0200-P3203;BOM-T08-0200-P3203-001;8;T08-0200-P3203-20QC;QC;0;;Controllo Qualità;5.0;6;0;0;T08-0200-P3203-20QC — QC Dimensionale
T08-0200-P3203;BOM-T08-0200-P3203-001;9;T08-0200-P3203-10ML;ML;0;;Molatura;30.0;6;0;0;T08-0200-P3203-10ML — Conformatura manuale + Molatura W15
T08-0200-P3203;BOM-T08-0200-P3203-001;10;T08-0200-P3203-10VT;VT;0;;Controllo Qualità;5.0;6;0;0;T08-0200-P3203-10VT — VT W15
T08-0200-P3203;BOM-T08-0200-P3203-001;11;T08-0200-P3203-10LA;LA;1;Lavorazione Esterna;Lavorazione Esterna;24000.0;6;0;0;T08-0200-P3203-10LA — Lavorazione meccanica (EPIS SRL)
T08-0200-P3203;BOM-T08-0200-P3203-001;12;T08-0200-P3203-10PT;PT;0;;Controllo Qualità;45.0;6;0;0;T08-0200-P3203-10PT — PT W15 superfice lavorate
T08-0200-P3203;BOM-T08-0200-P3203-001;13;T08-0200-P3203-30QC;QC;0;;Controllo Qualità;15.0;6;0;0;T08-0200-P3203-30QC — QC Dimensionale
T08-0200-P3300;BOM-T08-0200-P3300-001;1;T08-0200-P3300-10SA;SA;0;;Saldatura;30.0;6;0;0;T08-0200-P3300-10SA — Saldatura circonferenziale W18 Throat ring con parte conica
T08-0200-P3300;BOM-T08-0200-P3300-001;2;T08-0200-P3300-10MX;MX;0;;Controllo Qualità;15.0;6;0;0;T08-0200-P3300-10MX — Definizione mappe radiografiche W18 + Marcatura pezzi
T08-0200-P3300;BOM-T08-0200-P3300-001;3;T08-0200-P3300-10RX;RX;1;Lavorazione Esterna;Lavorazione Esterna;1800.0;6;0;0;T08-0200-P3300-10RX — RX W18 (A.M.C. CONTROL SRL)
T08-0200-P3300;BOM-T08-0200-P3300-001;4;T08-0200-P3300-10VX;VX;0;;Controllo Qualità;1.0;6;0;0;T08-0200-P3300-10VX — Valutazione RX W18
T08-0200-P3300;BOM-T08-0200-P3300-001;5;T08-0200-P3300-10ML;ML;0;;Molatura;60.0;6;0;0;T08-0200-P3300-10ML — Molatura W18 a filo lato interno
T08-0200-P3300;BOM-T08-0200-P3300-001;6;T08-0200-P3300-10VT;VT;0;;Controllo Qualità;10.0;6;0;0;T08-0200-P3300-10VT — VT W18
T08-0200-P3300;BOM-T08-0200-P3300-001;7;T08-0200-P3300-10PT;PT;0;;Controllo Qualità;45.0;6;0;0;T08-0200-P3300-10PT — PT W18
T08-0200-P3300;BOM-T08-0200-P3300-001;8;T08-0200-P3300-20SA;SA;0;;Saldatura;30.0;6;0;0;T08-0200-P3300-20SA — Saldatura circonferenziale W17 (parte conica con parte cilindrica)
T08-0200-P3300;BOM-T08-0200-P3300-001;9;T08-0200-P3300-20MX;MX;0;;Controllo Qualità;15.0;6;0;0;T08-0200-P3300-20MX — Definizione mappe radiografiche W17 + Marcatura pezzi
T08-0200-P3300;BOM-T08-0200-P3300-001;10;T08-0200-P3300-20RX;RX;1;Lavorazione Esterna;Lavorazione Esterna;1800.0;6;0;0;T08-0200-P3300-20RX — RX W17 (A.M.C. CONTROL SRL)
T08-0200-P3300;BOM-T08-0200-P3300-001;11;T08-0200-P3300-20VX;VX;0;;Controllo Qualità;1.0;6;0;0;T08-0200-P3300-20VX — Valutazione RX W17
T08-0200-P3300;BOM-T08-0200-P3300-001;12;T08-0200-P3300-20ML;ML;0;;Molatura;60.0;6;0;0;T08-0200-P3300-20ML — Molatura W17 a filo lato interno
T08-0200-P3300;BOM-T08-0200-P3300-001;13;T08-0200-P3300-20VT;VT;0;;Controllo Qualità;10.0;6;0;0;T08-0200-P3300-20VT — VT W17
T08-0200-P3300;BOM-T08-0200-P3300-001;14;T08-0200-P3300-20PT;PT;0;;Controllo Qualità;45.0;6;0;0;T08-0200-P3300-20PT — PT W17
T08-0200-P3300;BOM-T08-0200-P3300-001;15;T08-0200-P3300-10TT;TT;1;Lavorazione Esterna;Lavorazione Esterna;3000.0;6;0;0;T08-0200-P3300-10TT — Trattamento termico solubilizzazione (BODYCOTE SPA)
T08-0200-P3300;BOM-T08-0200-P3300-001;16;T08-0200-P3300-10QC;QC;0;;Controllo Qualità;5.0;6;0;0;T08-0200-P3300-10QC — QC Dimensionale
T08-0200-P3300;BOM-T08-0200-P3300-001;17;T08-0200-P3300-30SA;SA;0;;Saldatura;90.0;6;0;0;T08-0200-P3300-30SA — Saldatura due Spacers W??
T08-0200-P3300;BOM-T08-0200-P3300-001;18;T08-0200-P3300-20QC;QC;0;;Controllo Qualità;10.0;6;0;0;T08-0200-P3300-20QC — QC Dimensionale
T08-0200-P3301;BOM-T08-0200-P3301-001;1;T08-0200-P3301-10LT;LT;1;Lavorazione Esterna;Lavorazione Esterna;6000.0;6;0;0;T08-0200-P3301-10LT — Taglio sviluppo (INOXEA SRL)
T08-0200-P3301;BOM-T08-0200-P3301-001;2;T08-0200-P3301-10QC;QC;0;;Controllo Qualità;5.0;6;0;0;T08-0200-P3301-10QC — QC Dimensionale
T08-0200-P3301;BOM-T08-0200-P3301-001;3;T08-0200-P3301-10LA;LA;1;Lavorazione Esterna;Lavorazione Esterna;12000.0;6;0;0;T08-0200-P3301-10LA — Stampaggio + Rifilatura (MAC STAMP SRL)
T08-0200-P3301;BOM-T08-0200-P3301-001;4;T08-0200-P3301-20QC;QC;0;;Controllo Qualità;10.0;6;0;0;T08-0200-P3301-20QC — QC Dimensionale
T08-0200-P3302;BOM-T08-0200-P3302-001;1;T08-0200-P3302-10LT;LT;1;Lavorazione Esterna;Lavorazione Esterna;6000.0;6;4.0;24016.00008;T08-0200-P3302-10LT — Taglio sviluppo + Calandratura (SOMECAR SRL)
T08-0200-P3302;BOM-T08-0200-P3302-001;2;T08-0200-P3302-10QC;QC;0;;Controllo Qualità;5.0;6;4.0;350.00004;T08-0200-P3302-10QC — QC Dimensionale
T08-0200-P3302;BOM-T08-0200-P3302-001;3;T08-0200-P3302-10SA;SA;0;;Saldatura;30.0;6;0;0;T08-0200-P3302-10SA — Saldatura longitudinale W13
T08-0200-P3302;BOM-T08-0200-P3302-001;4;T08-0200-P3302-10MX;MX;0;;Controllo Qualità;15.0;6;0;0;T08-0200-P3302-10MX — Definizione mappe radiografiche W13 + Marcatura pezzi
T08-0200-P3302;BOM-T08-0200-P3302-001;5;T08-0200-P3302-10RX;RX;1;Lavorazione Esterna;Lavorazione Esterna;1800.0;6;0;0;T08-0200-P3302-10RX — RX W13 (A.M.C. CONTROL SRL)
T08-0200-P3302;BOM-T08-0200-P3302-001;6;T08-0200-P3302-10VX;VX;0;;Controllo Qualità;1.0;6;0;0;T08-0200-P3302-10VX — Valutazione RX W13
T08-0200-P3302;BOM-T08-0200-P3302-001;7;T08-0200-P3302-10ML;ML;0;;Molatura;30.0;6;0;0;T08-0200-P3302-10ML — Conformatura manuale + Molatura w13 a filo entrambi lati
T08-0200-P3302;BOM-T08-0200-P3302-001;8;T08-0200-P3302-10VT;VT;0;;Controllo Qualità;5.0;6;0;0;T08-0200-P3302-10VT — VT W13
T08-0200-P3302;BOM-T08-0200-P3302-001;9;T08-0200-P3302-10PT;PT;0;;Controllo Qualità;45.0;6;0;0;T08-0200-P3302-10PT — PT W13
T08-0200-P3302;BOM-T08-0200-P3302-001;10;T08-0200-P3302-10ST;ST;0;;Lavorazioni Meccaniche;5.0;6;0;0;T08-0200-P3302-10ST — Calibratura con espantore manuale
T08-0200-P3302;BOM-T08-0200-P3302-001;11;T08-0200-P3302-20QC;QC;0;;Controllo Qualità;5.0;6;0;0;T08-0200-P3302-20QC — QC Dimensionale
T08-0200-P3302;BOM-T08-0200-P3302-001;12;T08-0200-P3302-10LA;LA;1;Lavorazione Esterna;Lavorazione Esterna;27000.0;6;0;0;T08-0200-P3302-10LA — Lavorazione meccanica (EPIS SRL)
T08-0200-P3302;BOM-T08-0200-P3302-001;13;T08-0200-P3302-30QC;QC;0;;Controllo Qualità;10.0;6;0;0;T08-0200-P3302-30QC — QC Dimensionale
T09-0100-A0001;BOM-T09-0100-A0001-001;1;T09-0100-A0001-10MT;MT;0;;Montaggio;180.0;6;0;0;T09-0100-A0001-10MT — Montaggio Body + Venturi + Puntatura Pin Venturi
T09-0100-A0001;BOM-T09-0100-A0001-001;2;T09-0100-A0001-20MT;MT;0;;Montaggio;30.0;6;0;0;T09-0100-A0001-20MT — Montaggio Body + CAP + Puntatura Pin Cap
T09-0100-A0001;BOM-T09-0100-A0001-001;3;T09-0100-A0001-10SA;SA;0;;Saldatura;150.0;6;0;0;T09-0100-A0001-10SA — Saldatura PIN W64, W65
T09-0100-A0001;BOM-T09-0100-A0001-001;4;T09-0100-A0001-10VT;VT;0;;Controllo Qualità;10.0;6;0;0;T09-0100-A0001-10VT — VT W64, W65
T09-0100-A0001;BOM-T09-0100-A0001-001;5;T09-0100-A0001-10PT;PT;0;;Controllo Qualità;45.0;6;0;0;T09-0100-A0001-10PT — PT W64, W65
T09-0100-A0001;BOM-T09-0100-A0001-001;6;T09-0100-A0001-10ML;ML;0;;Molatura;45.0;6;0;0;T09-0100-A0001-10ML — Pulizia saldature finale
T09-0100-A0001;BOM-T09-0100-A0001-001;7;T09-0100-A0001-30MT;MT;0;;Montaggio;30.0;6;0;0;T09-0100-A0001-30MT — Raddrizzamento gap tra CAP e liner
T09-0100-A0001;BOM-T09-0100-A0001-001;8;T09-0100-A0001-40MT;MT;0;;Montaggio;5.0;6;0;0;T09-0100-A0001-40MT — Marcatura DOTPEEN
T09-0100-A0001;BOM-T09-0100-A0001-001;9;T09-0100-A0001-10QC;QC;0;;Controllo Qualità;20.0;6;0;0;T09-0100-A0001-10QC — QC Dimensionale finale
T09-0100-A0001;BOM-T09-0100-A0001-001;10;T09-0100-A0001-20QC;QC;0;;Controllo Qualità;1080.0;6;0;0;T09-0100-A0001-20QC — Preparazione Data Book finale
T09-0100-A1000;BOM-T09-0100-A1000-001;1;T09-0100-A1000-10LA;LA;1;Lavorazione Esterna;Lavorazione Esterna;6000.0;6;0;0;T09-0100-A1000-10LA — Lavorazione piano A, TLUG, X-Fire, fori pin, fori DILUTION, foro SPARK PLUG, rifilatura lato molla (BONADEI E. MECCANICA SRL)
T09-0100-A1000;BOM-T09-0100-A1000-001;2;T09-0100-A1000-10QC;QC;0;;Controllo Qualità;5.0;6;0;0;T09-0100-A1000-10QC — QC Dimensionale
T09-0100-A1000;BOM-T09-0100-A1000-001;3;T09-0100-A1000-10ML;ML;0;;Molatura;19.8;6;0;0;T09-0100-A1000-10ML — Lucidatura esterna discolorazione + lavaggio
T09-0100-A1000;BOM-T09-0100-A1000-001;4;T09-0100-A1000-10MT;MT;0;;Montaggio;5.0;6;0;0;T09-0100-A1000-10MT — Marcatura DOTPEEN
T09-0100-A1000;BOM-T09-0100-A1000-001;5;T09-0100-A1000-20MT;MT;0;;Montaggio;45.0;6;0;0;T09-0100-A1000-20MT — Pulizia montaggio + Puntatura molla con body
T09-0100-A1000;BOM-T09-0100-A1000-001;6;T09-0100-A1000-10SA;SA;0;;Saldatura;30.0;6;0;0;T09-0100-A1000-10SA — Saldatura a resistenza W62 (P6000 + P1100)
T09-0100-A1000;BOM-T09-0100-A1000-001;7;T09-0100-A1000-10VT;VT;0;;Controllo Qualità;4.8;6;0;0;T09-0100-A1000-10VT — VT W62
T09-0100-A1000;BOM-T09-0100-A1000-001;8;T09-0100-A1000-20QC;QC;0;;Controllo Qualità;40.0;6;0;0;T09-0100-A1000-20QC — QC Dimensionale
T09-0100-A1000;BOM-T09-0100-A1000-001;9;T09-0100-A1000-10TT;TT;1;Lavorazione Esterna;Lavorazione Esterna;9000.0;6;0;0;T09-0100-A1000-10TT — Rivestimento TBC Liner (FLAME SPRAY SPA)
T09-0100-A1000;BOM-T09-0100-A1000-001;10;T09-0100-A1000-30QC;QC;0;;Controllo Qualità;5.0;6;0;0;T09-0100-A1000-30QC — VT Coating
T09-0100-A1000;BOM-T09-0100-A1000-001;11;T09-0100-A1000-40QC;QC;0;;Controllo Qualità;40.0;6;0;0;T09-0100-A1000-40QC — QC Dimensionale finale
T09-0100-A2000;BOM-T09-0100-A2000-001;1;T09-0100-A2000-10SA;SA;0;;Saldatura;45.0;6;0;0;T09-0100-A2000-10SA — Montaggio raggiera + Saldatura a tratti W41
T09-0100-A2000;BOM-T09-0100-A2000-001;2;T09-0100-A2000-10VT;VT;0;;Controllo Qualità;5.0;6;0;0;T09-0100-A2000-10VT — VT W41
T09-0100-A2000;BOM-T09-0100-A2000-001;3;T09-0100-A2000-20SA;SA;0;;Saldatura;30.0;6;0;0;T09-0100-A2000-20SA — Montaggio + Puntatura Outer Swirler W52
T09-0100-A2000;BOM-T09-0100-A2000-001;4;T09-0100-A2000-30SA;SA;0;;Saldatura;50.0;6;0;0;T09-0100-A2000-30SA — Saldatura circonferenziale Outer Swirler W52
T09-0100-A2000;BOM-T09-0100-A2000-001;5;T09-0100-A2000-40SA;SA;0;;Saldatura;30.0;6;0;0;T09-0100-A2000-40SA — Saldatura chiodi W43 + Saldatura circonferenziale mozzo W42
T09-0100-A2000;BOM-T09-0100-A2000-001;6;T09-0100-A2000-20VT;VT;0;;Controllo Qualità;5.0;6;0;0;T09-0100-A2000-20VT — VT W43, W42
T09-0100-A2000;BOM-T09-0100-A2000-001;7;T09-0100-A2000-10MX;MX;0;;Controllo Qualità;15.0;6;0;0;T09-0100-A2000-10MX — Definizione mappe radiografiche W52 + Marcatura pezzi
T09-0100-A2000;BOM-T09-0100-A2000-001;8;T09-0100-A2000-10RX;RX;1;Lavorazione Esterna;Lavorazione Esterna;1800.0;6;0;0;T09-0100-A2000-10RX — RX W52 (A.M.C. CONTROL SRL)
T09-0100-A2000;BOM-T09-0100-A2000-001;9;T09-0100-A2000-10VX;VX;0;;Controllo Qualità;1.0;6;0;0;T09-0100-A2000-10VX — Valutazione RX W52
T09-0100-A2000;BOM-T09-0100-A2000-001;10;T09-0100-A2000-10ML;ML;0;;Molatura;30.0;6;0;0;T09-0100-A2000-10ML — Molatura W52 a filo con vorticatore
T09-0100-A2000;BOM-T09-0100-A2000-001;11;T09-0100-A2000-30VT;VT;0;;Controllo Qualità;5.0;6;0;0;T09-0100-A2000-30VT — VT W52
T09-0100-A2000;BOM-T09-0100-A2000-001;12;T09-0100-A2000-10PT;PT;0;;Controllo Qualità;50.0;6;0;0;T09-0100-A2000-10PT — PT W52, W41, W42, W43,
T09-0100-A2000;BOM-T09-0100-A2000-001;13;T09-0100-A2000-10LA;LA;1;Lavorazione Esterna;Lavorazione Esterna;6000.0;6;0;0;T09-0100-A2000-10LA — Lavorazione fori PIN (BONADEI E. MECCANICA SRL)
T09-0100-A2000;BOM-T09-0100-A2000-001;14;T09-0100-A2000-10QC;QC;0;;Controllo Qualità;5.0;6;0;0;T09-0100-A2000-10QC — QC Dimensionale
T09-0100-A2000;BOM-T09-0100-A2000-001;15;T09-0100-A2000-10MT;MT;0;;Montaggio;60.0;6;0;0;T09-0100-A2000-10MT — Raddrizzamento tutti gap a disegno e pulizia
T09-0100-A2000;BOM-T09-0100-A2000-001;16;T09-0100-A2000-20QC;QC;0;;Controllo Qualità;15.0;6;0;0;T09-0100-A2000-20QC — QC Dimensionale
T09-0100-A2000;BOM-T09-0100-A2000-001;17;T09-0100-A2000-10TT;TT;1;Lavorazione Esterna;Lavorazione Esterna;12000.0;6;0;0;T09-0100-A2000-10TT — Rivestimento TBC Class B (FLAME SPRAY SPA)
T09-0100-A2000;BOM-T09-0100-A2000-001;18;T09-0100-A2000-30QC;QC;0;;Controllo Qualità;20.0;6;0;0;T09-0100-A2000-30QC — VT Coating
T09-0100-A2000;BOM-T09-0100-A2000-001;19;T09-0100-A2000-40QC;QC;0;;Controllo Qualità;20.0;6;0;0;T09-0100-A2000-40QC — QC Dimensionale finale
T09-0100-A3000;BOM-T09-0100-A3000-001;1;T09-0100-A3000-10MT;MT;0;;Montaggio;30.0;6;0;0;T09-0100-A3000-10MT — Conformatura P3200 per accoppiamento con Throat ring saldato
T09-0100-A3000;BOM-T09-0100-A3000-001;2;T09-0100-A3000-10QC;QC;0;;Controllo Qualità;5.0;6;0;0;T09-0100-A3000-10QC — QC Dimensionale
T09-0100-A3000;BOM-T09-0100-A3000-001;3;T09-0100-A3000-10SA;SA;0;;Saldatura;75.0;6;0;0;T09-0100-A3000-10SA — Saldatura circonferenziale W19 (puntatura 8X tratti di fissaggio)
T09-0100-A3000;BOM-T09-0100-A3000-001;4;T09-0100-A3000-10MX;MX;0;;Controllo Qualità;15.0;6;0;0;T09-0100-A3000-10MX — Definizione mappe radiografiche W19 + Marcatura pezzi
T09-0100-A3000;BOM-T09-0100-A3000-001;5;T09-0100-A3000-10RX;RX;1;Lavorazione Esterna;Lavorazione Esterna;1800.0;6;0;0;T09-0100-A3000-10RX — RX W19 (A.M.C. CONTROL SRL)
T09-0100-A3000;BOM-T09-0100-A3000-001;6;T09-0100-A3000-10VX;VX;0;;Controllo Qualità;1.0;6;0;0;T09-0100-A3000-10VX — Valutazione RX W19
T09-0100-A3000;BOM-T09-0100-A3000-001;7;T09-0100-A3000-10ML;ML;0;;Molatura;90.0;6;0;0;T09-0100-A3000-10ML — Molatura W19, sporgenze 8X
T09-0100-A3000;BOM-T09-0100-A3000-001;8;T09-0100-A3000-10VT;VT;0;;Controllo Qualità;5.0;6;0;0;T09-0100-A3000-10VT — VT W19
T09-0100-A3000;BOM-T09-0100-A3000-001;9;T09-0100-A3000-10PT;PT;0;;Controllo Qualità;45.0;6;0;0;T09-0100-A3000-10PT — PT W19
T09-0100-A3000;BOM-T09-0100-A3000-001;10;T09-0100-A3000-20MT;MT;0;;Montaggio;5.0;6;0;0;T09-0100-A3000-20MT — Marcatura DOTPEEN
T09-0100-A3000;BOM-T09-0100-A3000-001;11;T09-0100-A3000-10TE;TE;0;;Controllo Qualità;18.0;6;0;0;T09-0100-A3000-10TE — Flussaggio ad aria
T09-0100-A3000;BOM-T09-0100-A3000-001;12;T09-0100-A3000-10LA;LA;1;Lavorazione Esterna;Lavorazione Esterna;6000.0;6;0;0;T09-0100-A3000-10LA — Lavorazione fori pin (BONADEI E. MECCANICA SRL)
T09-0100-A3000;BOM-T09-0100-A3000-001;13;T09-0100-A3000-20ML;ML;0;;Molatura;20.0;6;0;0;T09-0100-A3000-20ML — Lavaggio
T09-0100-A3000;BOM-T09-0100-A3000-001;14;T09-0100-A3000-20QC;QC;0;;Controllo Qualità;5.0;6;0;0;T09-0100-A3000-20QC — QC Dimensionale
T09-0100-A3000;BOM-T09-0100-A3000-001;15;T09-0100-A3000-10TT;TT;1;Lavorazione Esterna;Lavorazione Esterna;12000.0;6;0;0;T09-0100-A3000-10TT — Rivestimento TBC class C incl. trattamento termico post TBC + invecchiamento Spacers (FLAME SPRAY SPA)
T09-0100-A3000;BOM-T09-0100-A3000-001;16;T09-0100-A3000-30QC;QC;0;;Controllo Qualità;30.0;6;0;0;T09-0100-A3000-30QC — QC Dimensionale finale
T09-0100-P2100;BOM-T09-0100-P2100-001;1;T09-0100-P2100-10SA;SA;0;;Saldatura;200.0;6;0;0;T09-0100-P2100-10SA — Montaggio + Saldatura piastra forata con n.6 Heat Shield W47
T09-0100-P2100;BOM-T09-0100-P2100-001;2;T09-0100-P2100-20SA;SA;0;;Saldatura;120.0;6;0;0;T09-0100-P2100-20SA — Montaggio + Saldatura W44 n.6 anelli (P2108)
T09-0100-P2100;BOM-T09-0100-P2100-001;3;T09-0100-P2100-10VT;VT;0;;Controllo Qualità;10.0;6;0;0;T09-0100-P2100-10VT — VT W47, W44
T09-0100-P2100;BOM-T09-0100-P2100-001;4;T09-0100-P2100-10ML;ML;0;;Molatura;5.0;6;0;0;T09-0100-P2100-10ML — Molatura W44 (garantire montaggio bicchieri interni P2109)
T09-0100-P2100;BOM-T09-0100-P2100-001;5;T09-0100-P2100-10PT;PT;0;;Controllo Qualità;40.0;6;0;0;T09-0100-P2100-10PT — PT W47, W44
T09-0100-P2100;BOM-T09-0100-P2100-001;6;T09-0100-P2100-10ST;ST;0;;Lavorazioni Meccaniche;5.0;6;0;0;T09-0100-P2100-10ST — Conformatura semimanuale diametro bicchieri P2105 lato Heat Shield con CNC
T09-0100-P2100;BOM-T09-0100-P2100-001;7;T09-0100-P2100-10QC;QC;0;;Controllo Qualità;5.0;6;0;0;T09-0100-P2100-10QC — QC Dimensionale
T09-0100-P2100;BOM-T09-0100-P2100-001;8;T09-0100-P2100-30SA;SA;0;;Saldatura;240.0;6;0;0;T09-0100-P2100-30SA — Montaggio + Saldatura W46 in unica passata, W45 n.6 bicchieri interni P2109 e Retainer P2113 con Floating Collar
T09-0100-P2100;BOM-T09-0100-P2100-001;9;T09-0100-P2100-40SA;SA;0;;Saldatura;60.0;6;0;0;T09-0100-P2100-40SA — Montaggio + Saldatura W48 virola esterna P2101
T09-0100-P2100;BOM-T09-0100-P2100-001;10;T09-0100-P2100-10MT;MT;0;;Montaggio;5.0;6;0;0;T09-0100-P2100-10MT — Raddrizzamento planarità con riferimento piano Floating Collars
T09-0100-P2100;BOM-T09-0100-P2100-001;11;T09-0100-P2100-20QC;QC;0;;Controllo Qualità;5.0;6;0;0;T09-0100-P2100-20QC — QC Dimensionale
T09-0100-P2100;BOM-T09-0100-P2100-001;12;T09-0100-P2100-50SA;SA;0;;Saldatura;60.0;6;0;0;T09-0100-P2100-50SA — Montaggio Center Body P2200 + Saldatura W51, W50
T09-0100-P2100;BOM-T09-0100-P2100-001;13;T09-0100-P2100-20VT;VT;0;;Controllo Qualità;10.0;6;0;0;T09-0100-P2100-20VT — VT W48, W46, W45, W51, W50
T09-0100-P2100;BOM-T09-0100-P2100-001;14;T09-0100-P2100-20PT;PT;0;;Controllo Qualità;50.0;6;0;0;T09-0100-P2100-20PT — PT W48, W46, W45, W51, W50
T09-0100-P2100;BOM-T09-0100-P2100-001;15;T09-0100-P2100-30QC;QC;0;;Controllo Qualità;10.0;6;0;0;T09-0100-P2100-30QC — QC Dimensional finale
T09-0100-P2114;BOM-T09-0100-P2114-001;1;T09-0100-P2114-10LA;LA;1;Lavorazione Esterna;Lavorazione Esterna;3000.0;6;0;0;T09-0100-P2114-10LA — Taglio laser 2D (INOXEA SRL)
T09-0100-P2114;BOM-T09-0100-P2114-001;2;T09-0100-P2114-10QC;QC;0;;Controllo Qualità;5.0;6;0;0;T09-0100-P2114-10QC — QC Dimensionale
T09-0100-P3100;BOM-T09-0100-P3100-001;1;T09-0100-P3100-10SA;SA;0;;Saldatura;30.0;6;0;0;T09-0100-P3100-10SA — Saldatura circonferenziale W25 (due coni)
T09-0100-P3100;BOM-T09-0100-P3100-001;2;T09-0100-P3100-10MX;MX;0;;Controllo Qualità;15.0;6;0;0;T09-0100-P3100-10MX — Definizione mappe radiografiche W25 + Marcatura pezzi
T09-0100-P3100;BOM-T09-0100-P3100-001;3;T09-0100-P3100-10RX;RX;1;Lavorazione Esterna;Lavorazione Esterna;1800.0;6;0;0;T09-0100-P3100-10RX — RX W25 (A.M.C. CONTROL SRL)
T09-0100-P3100;BOM-T09-0100-P3100-001;4;T09-0100-P3100-10VX;VX;0;;Controllo Qualità;1.0;6;0;0;T09-0100-P3100-10VX — Valutazione RX W25
T09-0100-P3100;BOM-T09-0100-P3100-001;5;T09-0100-P3100-10ML;ML;0;;Molatura;30.0;6;0;0;T09-0100-P3100-10ML — Molatura W25 lato convesso del cordone
T09-0100-P3100;BOM-T09-0100-P3100-001;6;T09-0100-P3100-10VT;VT;0;;Controllo Qualità;5.0;6;0;0;T09-0100-P3100-10VT — VT W25
T09-0100-P3100;BOM-T09-0100-P3100-001;7;T09-0100-P3100-10PT;PT;0;;Controllo Qualità;45.0;6;0;0;T09-0100-P3100-10PT — PT W25
T09-0100-P3100;BOM-T09-0100-P3100-001;8;T09-0100-P3100-10LA;LA;1;Lavorazione Esterna;Lavorazione Esterna;6000.0;6;0;0;T09-0100-P3100-10LA — Foratura laser + Rifilatura (SARZI LAMIERE SPA)
T09-0100-P3100;BOM-T09-0100-P3100-001;9;T09-0100-P3100-10QC;QC;0;;Controllo Qualità;5.0;6;0;0;T09-0100-P3100-10QC — QC Dimensionale
T09-0100-P3100;BOM-T09-0100-P3100-001;10;T09-0100-P3100-20SA;SA;0;;Saldatura;30.0;6;0;0;T09-0100-P3100-20SA — Saldatura W24
T09-0100-P3100;BOM-T09-0100-P3100-001;11;T09-0100-P3100-20MX;MX;0;;Controllo Qualità;15.0;6;0;0;T09-0100-P3100-20MX — Definizione mappe radiografiche W24 + Marcatura pezzi
T09-0100-P3100;BOM-T09-0100-P3100-001;12;T09-0100-P3100-20RX;RX;1;Lavorazione Esterna;Lavorazione Esterna;1800.0;6;0;0;T09-0100-P3100-20RX — RX W24 (A.M.C. CONTROL SRL)
T09-0100-P3100;BOM-T09-0100-P3100-001;13;T09-0100-P3100-20VX;VX;0;;Controllo Qualità;1.0;6;0;0;T09-0100-P3100-20VX — Valutazione RX W24
T09-0100-P3100;BOM-T09-0100-P3100-001;14;T09-0100-P3100-20ML;ML;0;;Molatura;45.0;6;0;0;T09-0100-P3100-20ML — Molatura W24 lato esterno
T09-0100-P3100;BOM-T09-0100-P3100-001;15;T09-0100-P3100-20VT;VT;0;;Controllo Qualità;10.2;6;0;0;T09-0100-P3100-20VT — VT W24
T09-0100-P3100;BOM-T09-0100-P3100-001;16;T09-0100-P3100-20PT;PT;0;;Controllo Qualità;45.0;6;0;0;T09-0100-P3100-20PT — PT W24
T09-0100-P3100;BOM-T09-0100-P3100-001;17;T09-0100-P3100-20QC;QC;0;;Controllo Qualità;30.0;6;0;0;T09-0100-P3100-20QC — QC Dimensionale
T09-0100-P3101;BOM-T09-0100-P3101-001;1;T09-0100-P3101-10LT;LT;1;Lavorazione Esterna;Lavorazione Esterna;6000.0;6;0;0;T09-0100-P3101-10LT — Taglio sviluppo (INOXEA SRL)
T09-0100-P3101;BOM-T09-0100-P3101-001;2;T09-0100-P3101-10QC;QC;0;;Controllo Qualità;5.0;6;0;0;T09-0100-P3101-10QC — QC Dimensionale
T09-0100-P3101;BOM-T09-0100-P3101-001;3;T09-0100-P3101-10LA;LA;1;Lavorazione Esterna;Lavorazione Esterna;15000.0;6;0;0;T09-0100-P3101-10LA — Stampaggio e rifilatura (MAC STAMP SRL)
T09-0100-P3101;BOM-T09-0100-P3101-001;4;T09-0100-P3101-20QC;QC;0;;Controllo Qualità;10.0;6;0;0;T09-0100-P3101-20QC — QC Dimensionale
T09-0100-P3103;BOM-T09-0100-P3103-001;1;T09-0100-P3103-10LT;LT;1;Lavorazione Esterna;Lavorazione Esterna;6000.0;6;0;0;T09-0100-P3103-10LT — Taglio sviluppo (INOXEA SRL)
T09-0100-P3103;BOM-T09-0100-P3103-001;2;T09-0100-P3103-10QC;QC;0;;Controllo Qualità;5.0;6;0;0;T09-0100-P3103-10QC — QC Dimensionale
T09-0100-P3103;BOM-T09-0100-P3103-001;3;T09-0100-P3103-10LA;LA;1;Lavorazione Esterna;Lavorazione Esterna;15000.0;6;0;0;T09-0100-P3103-10LA — Stampaggio e rifilatura (MAC STAMP SRL)
T09-0100-P3103;BOM-T09-0100-P3103-001;4;T09-0100-P3103-20QC;QC;0;;Controllo Qualità;10.0;6;0;0;T09-0100-P3103-20QC — QC Dimensionale
T09-0100-P3104;BOM-T09-0100-P3104-001;1;T09-0100-P3104-10LT;LT;1;Lavorazione Esterna;Lavorazione Esterna;9000.0;6;6.0;54036.0;T09-0100-P3104-10LT — Taglio sviluppo + Calandratura (SOMECAR SRL)
T09-0100-P3104;BOM-T09-0100-P3104-001;2;T09-0100-P3104-10QC;QC;0;;Controllo Qualità;5.0;6;6.0;2860.00002;T09-0100-P3104-10QC — QC Dimensionale
T09-0100-P3104;BOM-T09-0100-P3104-001;3;T09-0100-P3104-10SA;SA;0;;Saldatura;30.0;6;0;0;T09-0100-P3104-10SA — Saldatura longitudinale W21
T09-0100-P3104;BOM-T09-0100-P3104-001;4;T09-0100-P3104-10MX;MX;0;;Controllo Qualità;15.0;6;0;0;T09-0100-P3104-10MX — Definizione mappe radiografiche W21 + Marcatura pezzi
T09-0100-P3104;BOM-T09-0100-P3104-001;5;T09-0100-P3104-10RX;RX;1;Lavorazione Esterna;Lavorazione Esterna;1800.0;6;0;0;T09-0100-P3104-10RX — RX W21 (A.M.C. CONTROL SRL)
T09-0100-P3104;BOM-T09-0100-P3104-001;6;T09-0100-P3104-10VX;VX;0;;Controllo Qualità;1.0;6;0;0;T09-0100-P3104-10VX — Valutazione RX W21
T09-0100-P3104;BOM-T09-0100-P3104-001;7;T09-0100-P3104-10ML;ML;0;;Molatura;30.0;6;0;0;T09-0100-P3104-10ML — Conformatura manuale + Molatura W21 a filo entrambi lati
T09-0100-P3104;BOM-T09-0100-P3104-001;8;T09-0100-P3104-10VT;VT;0;;Controllo Qualità;5.0;6;0;0;T09-0100-P3104-10VT — VT W21
T09-0100-P3104;BOM-T09-0100-P3104-001;9;T09-0100-P3104-10PT;PT;0;;Controllo Qualità;45.0;6;0;0;T09-0100-P3104-10PT — PT W21
T09-0100-P3104;BOM-T09-0100-P3104-001;10;T09-0100-P3104-10ST;ST;0;;Lavorazioni Meccaniche;5.0;6;0;0;T09-0100-P3104-10ST — Calibratura con espantore manuale
T09-0100-P3104;BOM-T09-0100-P3104-001;11;T09-0100-P3104-20QC;QC;0;;Controllo Qualità;5.0;6;0;0;T09-0100-P3104-20QC — QC Dimensionale
T09-0100-P3104;BOM-T09-0100-P3104-001;12;T09-0100-P3104-10LA;LA;1;Lavorazione Esterna;Lavorazione Esterna;18000.0;6;0;0;T09-0100-P3104-10LA — Tornitura rifilatura (EPIS SRL)
T09-0100-P3104;BOM-T09-0100-P3104-001;13;T09-0100-P3104-30QC;QC;0;;Controllo Qualità;5.0;6;0;0;T09-0100-P3104-30QC — QC Dimensionale
